Master ID,Item ID,Parent ID,Menu Name,Menu Group,Subgroup,Menu Item,Avg Price,Item Qty (incl voids),% of Ttl Qty (incl voids),Gross Amount (incl voids),% of Ttl Amt (incl voids),Item Qty,Gross Amount,Void Qty,Void Amount,Discount Amount,Net Amount,# Orders,% of Ttl # Orders,% Qty (Group),% Qty (Menu),% Qty (All),% Net Amt (Group),% Net Amt (Menu),% Net Amt (All)
,,,ALL MENUS,,,,9.56140350877193,57.0,0.0,545.00,0.0,57.0,545.00,0.0,0.00,17.60,527.40,10,0,0,0,0,0,0,0
,,,DRINKS,,,,8.1875,32.0,0.5614035087719298,262.00,0.48073394495412847,32.0,262.00,0.0,0.00,5.80,256.20,9,0.9,0,0,0.5614035087719298,0,0,0.4857792946530148
200000001222293162,200000001222293161,,DRINKS,Drinks,,,3.50,2.0,0.0625,7.00,0.026717557251908396,2.0,7.00,0.0,0.00,0.60,6.40,2,0.2222222222222222,0,0.0625,0.03508771929824561,0,0.024980483996877443,0.012135001896094047
200000001222294432,200000001222294431,200000001222293162,DRINKS,Drinks,,Pepsi,0.00,0.0,0.0,0.00,0.0,0.0,0.00,0.0,0.00,0.00,0.00,0,0,0,0,0,0,0,0
200000001222294434,200000001222294433,200000001222293162,DRINKS,Drinks,,Diet Pepsi,0.00,0.0,0.0,0.00,0.0,0.0,0.00,0.0,0.00,0.00,0.00,0,0,0,0,0,0,0,0
200000001222294436,200000001222294435,200000001222293162,DRINKS,Drinks,,Ginger Ale,0.00,0.0,0.0,0.00,0.0,0.0,0.00,0.0,0.00,0.00,0.00,0,0,0,0,0,0,0,0
200000001222294438,200000001222294437,200000001222293162,DRINKS,Drinks,,Sierra Mist,0.00,0.0,0.0,0.00,0.0,0.0,0.00,0.0,0.00,0.00,0.00,0,0,0,0,0,0,0,0
200000001222294440,200000001222294439,200000001222293162,DRINKS,Drinks,,Tonic,0.00,0.0,0.0,0.00,0.0,0.0,0.00,0.0,0.00,0.00,0.00,0,0,0,0,0,0,0,0
200000001222294442,200000001222294441,200000001222293162,DRINKS,Drinks,,Club Soda,0.00,0.0,0.0,0.00,0.0,0.0,0.00,0.0,0.00,0.00,0.00,0,0,0,0,0,0,0,0
200000001252522791,200000001252522790,200000001222293162,DRINKS,Drinks,,Saratoga Sparkling,0.00,0.0,0.0,0.00,0.0,0.0,0.00,0.0,0.00,0.00,0.00,0,0,0,0,0,0,0,0
200000001252526753,200000001252526752,200000001222293162,DRINKS,Drinks,,Saratoga Still,0.00,0.0,0.0,0.00,0.0,0.0,0.00,0.0,0.00,0.00,0.00,0,0,0,0,0,0,0,0
200000001222294444,200000001222294443,200000001222293162,DRINKS,Drinks,,Coffee,4.0,1.0,0.5,4.00,0.5714285714285714,1.0,4.00,0.0,0.00,0.00,4.00,1,0.5,0.5,0.03125,0.017543859649122806,0.625,0.0156128024980484,0.007584376185058779
200000001252566242,200000001252566241,200000001222293162,DRINKS,Drinks,,Decaf Coffee,0.00,0.0,0.0,0.00,0.0,0.0,0.00,0.0,0.00,0.00,0.00,0,0,0,0,0,0,0,0
200000002290873215,200000002290873214,200000001222293162,DRINKS,Drinks,,Espresso,0.00,0.0,0.0,0.00,0.0,0.0,0.00,0.0,0.00,0.00,0.00,0,0,0,0,0,0,0,0
200000002454077072,200000002454077071,200000001222293162,DRINKS,Drinks,,Double Espresso,0.00,0.0,0.0,0.00,0.0,0.0,0.00,0.0,0.00,0.00,0.00,0,0,0,0,0,0,0,0
200000002448157978,200000002448157977,200000001222293162,DRINKS,Drinks,,Cappuccino,0.00,0.0,0.0,0.00,0.0,0.0,0.00,0.0,0.00,0.00,0.00,0,0,0,0,0,0,0,0
200000001252539147,200000001252539146,200000001222293162,DRINKS,Drinks,,Pineapple,0.00,0.0,0.0,0.00,0.0,0.0,0.00,0.0,0.00,0.00,0.00,0,0,0,0,0,0,0,0
200000001222294446,200000001222294445,200000001222293162,DRINKS,Drinks,,Hot Tea,0.00,0.0,0.0,0.00,0.0,0.0,0.00,0.0,0.00,0.00,0.00,0,0,0,0,0,0,0,0
200000001222294448,200000001222294447,200000001222293162,DRINKS,Drinks,,Iced Tea,3.0,1.0,0.5,3.00,0.42857142857142855,1.0,3.00,0.0,0.00,0.60,2.40,1,0.5,0.5,0.03125,0.017543859649122806,0.37499999999999994,0.00936768149882904,0.004550625711035267
200000001252539143,200000001252539142,200000001222293162,DRINKS,Drinks,,Cranberry,0.00,0.0,0.0,0.00,0.0,0.0,0.00,0.0,0.00,0.00,0.00,0,0,0,0,0,0,0,0
200000001252539145,200000001252539144,200000001222293162,DRINKS,Drinks,,Orange,0.00,0.0,0.0,0.00,0.0,0.0,0.00,0.0,0.00,0.00,0.00,0,0,0,0,0,0,0,0
200000001252539149,200000001252539148,200000001222293162,DRINKS,Drinks,,Grapefruit,0.00,0.0,0.0,0.00,0.0,0.0,0.00,0.0,0.00,0.00,0.00,0,0,0,0,0,0,0,0
200000001252573815,200000001252573814,200000001222293162,DRINKS,Drinks,,Tomato Juice,0.00,0.0,0.0,0.00,0.0,0.0,0.00,0.0,0.00,0.00,0.00,0,0,0,0,0,0,0,0
200000004447034681,200000004447034680,200000001222293162,DRINKS,Drinks,,Lemonade,0.00,0.0,0.0,0.00,0.0,0.0,0.00,0.0,0.00,0.00,0.00,0,0,0,0,0,0,0,0
200000004509852080,200000004509852079,200000001222293162,DRINKS,Drinks,,Milk,0.00,0.0,0.0,0.00,0.0,0.0,0.00,0.0,0.00,0.00,0.00,0,0,0,0,0,0,0,0
200000001598827306,200000001598827305,200000001222293162,DRINKS,Drinks,,Pepsi refill,0.00,0.0,0.0,0.00,0.0,0.0,0.00,0.0,0.00,0.00,0.00,0,0,0,0,0,0,0,0
200000001598827308,200000001598827307,200000001222293162,DRINKS,Drinks,,Diet refill,0.00,0.0,0.0,0.00,0.0,0.0,0.00,0.0,0.00,0.00,0.00,0,0,0,0,0,0,0,0
200000001598827310,200000001598827309,200000001222293162,DRINKS,Drinks,,Sierra mist refill,0.00,0.0,0.0,0.00,0.0,0.0,0.00,0.0,0.00,0.00,0.00,0,0,0,0,0,0,0,0
200000001598827312,200000001598827311,200000001222293162,DRINKS,Drinks,,Ginger ale refill,0.00,0.0,0.0,0.00,0.0,0.0,0.00,0.0,0.00,0.00,0.00,0,0,0,0,0,0,0,0
200000001598827314,200000001598827313,200000001222293162,DRINKS,Drinks,,Soda refill,0.00,0.0,0.0,0.00,0.0,0.0,0.00,0.0,0.00,0.00,0.00,0,0,0,0,0,0,0,0
200000001598827316,200000001598827315,200000001222293162,DRINKS,Drinks,,Tonic refill,0.00,0.0,0.0,0.00,0.0,0.0,0.00,0.0,0.00,0.00,0.00,0,0,0,0,0,0,0,0
200000001701150712,200000001701150711,200000001222293162,DRINKS,Drinks,,Iced Tea refill,0.00,0.0,0.0,0.00,0.0,0.0,0.00,0.0,0.00,0.00,0.00,0,0,0,0,0,0,0,0
200000004447472245,200000004447472244,200000001222293162,DRINKS,Drinks,,Lemonade refill,0.00,0.0,0.0,0.00,0.0,0.0,0.00,0.0,0.00,0.00,0.00,0,0,0,0,0,0,0,0
200000000870814817,200000000870814816,,DRINKS,Liquor,,,10.20,10.0,0.3125,102.00,0.3893129770992366,10.0,102.00,0.0,0.00,5.20,96.80,7,0.7777777777777778,0,0.3125,0.17543859649122806,0,0.3778298204527713,0.18354190367842246
200000000870817447,200000000870817446,200000000870814817,DRINKS,Liquor,Vodka,,10.50,4.0,0.4,42.00,0.4117647058823529,4.0,42.00,0.0,0.00,0.00,42.00,3,0.42857142857142855,0,0.4,0.07017543859649122,0,0.43388429752066116,0.07963594994311718
200000000870819219,200000000870819218,200000000870817447,DRINKS,Liquor,Vodka,Titos,10.0,3.0,0.75,30.00,0.7142857142857143,3.0,30.00,0.0,0.00,0.00,30.00,2,0.6666666666666666,0.75,0.3,0.05263157894736842,0.7142857142857143,0.30991735537190085,0.056882821387940846
200000000870819221,200000000870819220,200000000870817447,DRINKS,Liquor,Vodka,Absolut,0.00,0.0,0.0,0.00,0.0,0.0,0.00,0.0,0.00,0.00,0.00,0,0,0,0,0,0,0,0
200000000870819223,200000000870819222,200000000870817447,DRINKS,Liquor,Vodka,Ketel One,0.00,0.0,0.0,0.00,0.0,0.0,0.00,0.0,0.00,0.00,0.00,0,0,0,0,0,0,0,0
200000000870819227,200000000870819226,200000000870817447,DRINKS,Liquor,Vodka,Grey Goose,0.00,0.0,0.0,0.00,0.0,0.0,0.00,0.0,0.00,0.00,0.00,0,0,0,0,0,0,0,0
200000005335990870,200000005335990869,200000000870817447,DRINKS,Liquor,Vodka,Chopin,0.00,0.0,0.0,0.00,0.0,0.0,0.00,0.0,0.00,0.00,0.00,0,0,0,0,0,0,0,0
200000003450355549,200000003450355548,200000000870817447,DRINKS,Liquor,Vodka,Belvedere,0.00,0.0,0.0,0.00,0.0,0.0,0.00,0.0,0.00,0.00,0.00,0,0,0,0,0,0,0,0
200000000870819225,200000000870819224,200000000870817447,DRINKS,Liquor,Vodka,Stoli,0.00,0.0,0.0,0.00,0.0,0.0,0.00,0.0,0.00,0.00,0.00,0,0,0,0,0,0,0,0
200000001476106423,200000001476106422,200000000870817447,DRINKS,Liquor,Vodka,Stoli Raz,0.00,0.0,0.0,0.00,0.0,0.0,0.00,0.0,0.00,0.00,0.00,0,0,0,0,0,0,0,0
200000001476106425,200000001476106424,200000000870817447,DRINKS,Liquor,Vodka,Stoli O,0.00,0.0,0.0,0.00,0.0,0.0,0.00,0.0,0.00,0.00,0.00,0,0,0,0,0,0,0,0
200000001584230939,200000001584230938,200000000870817447,DRINKS,Liquor,Vodka,Stoli vanilla,0.00,0.0,0.0,0.00,0.0,0.0,0.00,0.0,0.00,0.00,0.00,0,0,0,0,0,0,0,0
200000002927300237,200000002927300236,200000000870817447,DRINKS,Liquor,Vodka,Stoli Citrus,0.00,0.0,0.0,0.00,0.0,0.0,0.00,0.0,0.00,0.00,0.00,0,0,0,0,0,0,0,0
200000002927300239,200000002927300238,200000000870817447,DRINKS,Liquor,Vodka,Stoli Blueberry,0.00,0.0,0.0,0.00,0.0,0.0,0.00,0.0,0.00,0.00,0.00,0,0,0,0,0,0,0,0
200000001343595187,200000001343595186,200000000870817447,DRINKS,Liquor,Vodka,Effen,0.00,0.0,0.0,0.00,0.0,0.0,0.00,0.0,0.00,0.00,0.00,0,0,0,0,0,0,0,0
200000002805185252,200000002805185251,200000000870817447,DRINKS,Liquor,Vodka,Figenza,0.00,0.0,0.0,0.00,0.0,0.0,0.00,0.0,0.00,0.00,0.00,0,0,0,0,0,0,0,0
200000000870819217,200000000870819216,200000000870817447,DRINKS,Liquor,Vodka,Smirnoff,0.00,0.0,0.0,0.00,0.0,0.0,0.00,0.0,0.00,0.00,0.00,0,0,0,0,0,0,0,0
200000003027874495,200000003027874494,200000000870817447,DRINKS,Liquor,Vodka,Van Gogh Espresso,12.0,1.0,0.25,12.00,0.2857142857142857,1.0,12.00,0.0,0.00,0.00,12.00,1,0.3333333333333333,0.25,0.1,0.017543859649122806,0.2857142857142857,0.12396694214876033,0.022753128555176336
200000000870817449,200000000870817448,200000000870814817,DRINKS,Liquor,Gin,,10.00,1.0,0.1,10.00,0.09803921568627451,1.0,10.00,0.0,0.00,2.00,8.00,1,0.14285714285714285,0,0.1,0.017543859649122806,0,0.08264462809917356,0.015168752370117559
200000000870828801,200000000870828800,200000000870817449,DRINKS,Liquor,Gin,Tanqueray,0.00,0.0,0.0,0.00,0.0,0.0,0.00,0.0,0.00,0.00,0.00,0,0,0,0,0,0,0,0
200000000870828803,200000000870828802,200000000870817449,DRINKS,Liquor,Gin,Beefeater,0.00,0.0,0.0,0.00,0.0,0.0,0.00,0.0,0.00,0.00,0.00,0,0,0,0,0,0,0,0
200000000870828805,200000000870828804,200000000870817449,DRINKS,Liquor,Gin,Bombay Sapphire,10.0,1.0,1.0,10.00,1.0,1.0,10.00,0.0,0.00,2.00,8.00,1,1.0,1.0,0.1,0.017543859649122806,1.0,0.08264462809917356,0.015168752370117559
200000000870828807,200000000870828806,200000000870817449,DRINKS,Liquor,Gin,Hendricks,0.00,0.0,0.0,0.00,0.0,0.0,0.00,0.0,0.00,0.00,0.00,0,0,0,0,0,0,0,0
200000000870817501,200000000870817500,200000000870814817,DRINKS,Liquor,Rum,,0.00,0.0,0.0,0.00,0.0,0.0,0.00,0.0,0.00,0.00,0.00,0,0,0,0,0,0,0,0
200000000870830039,200000000870830038,200000000870817501,DRINKS,Liquor,Rum,Bacardi,0.00,0.0,0.0,0.00,0.0,0.0,0.00,0.0,0.00,0.00,0.00,0,0,0,0,0,0,0,0
200000000870830041,200000000870830040,200000000870817501,DRINKS,Liquor,Rum,Captain Morgan,0.00,0.0,0.0,0.00,0.0,0.0,0.00,0.0,0.00,0.00,0.00,0,0,0,0,0,0,0,0
200000000870830043,200000000870830042,200000000870817501,DRINKS,Liquor,Rum,Malibu,0.00,0.0,0.0,0.00,0.0,0.0,0.00,0.0,0.00,0.00,0.00,0,0,0,0,0,0,0,0
200000000870830045,200000000870830044,200000000870817501,DRINKS,Liquor,Rum,Goslings,0.00,0.0,0.0,0.00,0.0,0.0,0.00,0.0,0.00,0.00,0.00,0,0,0,0,0,0,0,0
200000001507090399,200000001507090398,200000000870817501,DRINKS,Liquor,Rum,Plantation silver,0.00,0.0,0.0,0.00,0.0,0.0,0.00,0.0,0.00,0.00,0.00,0,0,0,0,0,0,0,0
200000000870817503,200000000870817502,200000000870814817,DRINKS,Liquor,Tequila,,0.00,0.0,0.0,0.00,0.0,0.0,0.00,0.0,0.00,0.00,0.00,0,0,0,0,0,0,0,0
200000000870832239,200000000870832238,200000000870817503,DRINKS,Liquor,Tequila,Don Julio Blanco,0.00,0.0,0.0,0.00,0.0,0.0,0.00,0.0,0.00,0.00,0.00,0,0,0,0,0,0,0,0
200000000870832241,200000000870832240,200000000870817503,DRINKS,Liquor,Tequila,Jose Cuervo Silver,0.00,0.0,0.0,0.00,0.0,0.0,0.00,0.0,0.00,0.00,0.00,0,0,0,0,0,0,0,0
200000000870832243,200000000870832242,200000000870817503,DRINKS,Liquor,Tequila,Jose Cuervo Gold,0.00,0.0,0.0,0.00,0.0,0.0,0.00,0.0,0.00,0.00,0.00,0,0,0,0,0,0,0,0
200000000870832245,200000000870832244,200000000870817503,DRINKS,Liquor,Tequila,Patron Silver,0.00,0.0,0.0,0.00,0.0,0.0,0.00,0.0,0.00,0.00,0.00,0,0,0,0,0,0,0,0
200000000870832247,200000000870832246,200000000870817503,DRINKS,Liquor,Tequila,Patron Gold,0.00,0.0,0.0,0.00,0.0,0.0,0.00,0.0,0.00,0.00,0.00,0,0,0,0,0,0,0,0
200000000870832249,200000000870832248,200000000870817503,DRINKS,Liquor,Tequila,Maestro Dobel,0.00,0.0,0.0,0.00,0.0,0.0,0.00,0.0,0.00,0.00,0.00,0,0,0,0,0,0,0,0
200000000946979053,200000000946979052,200000000870817503,DRINKS,Liquor,Tequila,1800,0.00,0.0,0.0,0.00,0.0,0.0,0.00,0.0,0.00,0.00,0.00,0,0,0,0,0,0,0,0
200000003210180394,200000003210180393,200000000870817503,DRINKS,Liquor,Tequila,Casamigos,0.00,0.0,0.0,0.00,0.0,0.0,0.00,0.0,0.00,0.00,0.00,0,0,0,0,0,0,0,0
200000008321922570,200000008321922569,200000000870817503,DRINKS,Liquor,Tequila,Lunazul,0.00,0.0,0.0,0.00,0.0,0.0,0.00,0.0,0.00,0.00,0.00,0,0,0,0,0,0,0,0
200000000870817505,200000000870817504,200000000870814817,DRINKS,Liquor,Rye,,0.00,0.0,0.0,0.00,0.0,0.0,0.00,0.0,0.00,0.00,0.00,0,0,0,0,0,0,0,0
200000000870833687,200000000870833686,200000000870817505,DRINKS,Liquor,Rye,Seagrams 7,0.00,0.0,0.0,0.00,0.0,0.0,0.00,0.0,0.00,0.00,0.00,0,0,0,0,0,0,0,0
200000000870833689,200000000870833688,200000000870817505,DRINKS,Liquor,Rye,Seagrams VO,0.00,0.0,0.0,0.00,0.0,0.0,0.00,0.0,0.00,0.00,0.00,0,0,0,0,0,0,0,0
200000000870833691,200000000870833690,200000000870817505,DRINKS,Liquor,Rye,Canadian Club,0.00,0.0,0.0,0.00,0.0,0.0,0.00,0.0,0.00,0.00,0.00,0,0,0,0,0,0,0,0
200000003063592239,200000003063592238,200000000870817505,DRINKS,Liquor,Rye,Taconic Rye,0.00,0.0,0.0,0.00,0.0,0.0,0.00,0.0,0.00,0.00,0.00,0,0,0,0,0,0,0,0
200000003078324354,200000003078324353,200000000870817505,DRINKS,Liquor,Rye,Black Velvet,0.00,0.0,0.0,0.00,0.0,0.0,0.00,0.0,0.00,0.00,0.00,0,0,0,0,0,0,0,0
200000000870817508,200000000870817507,200000000870814817,DRINKS,Liquor,Scotch,,0.00,0.0,0.0,0.00,0.0,0.0,0.00,0.0,0.00,0.00,0.00,0,0,0,0,0,0,0,0
200000000870836090,200000000870836089,200000000870817508,DRINKS,Liquor,Scotch,Dewars,0.00,0.0,0.0,0.00,0.0,0.0,0.00,0.0,0.00,0.00,0.00,0,0,0,0,0,0,0,0
200000000870836092,200000000870836091,200000000870817508,DRINKS,Liquor,Scotch,Dewars 12,0.00,0.0,0.0,0.00,0.0,0.0,0.00,0.0,0.00,0.00,0.00,0,0,0,0,0,0,0,0
200000001329745897,200000001329745896,200000000870817508,DRINKS,Liquor,Scotch,Famous Grouse,0.00,0.0,0.0,0.00,0.0,0.0,0.00,0.0,0.00,0.00,0.00,0,0,0,0,0,0,0,0
200000000870836094,200000000870836093,200000000870817508,DRINKS,Liquor,Scotch,Johnny Walker Red,0.00,0.0,0.0,0.00,0.0,0.0,0.00,0.0,0.00,0.00,0.00,0,0,0,0,0,0,0,0
200000000870836096,200000000870836095,200000000870817508,DRINKS,Liquor,Scotch,Johnny Walker Black,0.00,0.0,0.0,0.00,0.0,0.0,0.00,0.0,0.00,0.00,0.00,0,0,0,0,0,0,0,0
200000000870836098,200000000870836097,200000000870817508,DRINKS,Liquor,Scotch,Chivas 12,0.00,0.0,0.0,0.00,0.0,0.0,0.00,0.0,0.00,0.00,0.00,0,0,0,0,0,0,0,0
200000000870836150,200000000870836099,200000000870817508,DRINKS,Liquor,Scotch,Glenlivet 12,0.00,0.0,0.0,0.00,0.0,0.0,0.00,0.0,0.00,0.00,0.00,0,0,0,0,0,0,0,0
200000000870836152,200000000870836151,200000000870817508,DRINKS,Liquor,Scotch,Balvenie 12,0.00,0.0,0.0,0.00,0.0,0.0,0.00,0.0,0.00,0.00,0.00,0,0,0,0,0,0,0,0
200000000870836154,200000000870836153,200000000870817508,DRINKS,Liquor,Scotch,Macallan 12,0.00,0.0,0.0,0.00,0.0,0.0,0.00,0.0,0.00,0.00,0.00,0,0,0,0,0,0,0,0
200000003246120546,200000003246120545,200000000870817508,DRINKS,Liquor,Scotch,Oban 14,0.00,0.0,0.0,0.00,0.0,0.0,0.00,0.0,0.00,0.00,0.00,0,0,0,0,0,0,0,0
200000005004276149,200000005004276148,200000000870817508,DRINKS,Liquor,Scotch,Macallan Estate,0.00,0.0,0.0,0.00,0.0,0.0,0.00,0.0,0.00,0.00,0.00,0,0,0,0,0,0,0,0
200000000870817510,200000000870817509,200000000870814817,DRINKS,Liquor,Irish Whiskey,,12.00,2.0,0.2,24.00,0.23529411764705882,2.0,24.00,0.0,0.00,0.00,24.00,1,0.14285714285714285,0,0.2,0.03508771929824561,0,0.24793388429752067,0.04550625711035267
200000000870837613,200000000870837612,200000000870817510,DRINKS,Liquor,Irish Whiskey,Jameson Black Barrel,0.00,0.0,0.0,0.00,0.0,0.0,0.00,0.0,0.00,0.00,0.00,0,0,0,0,0,0,0,0
200000000870837615,200000000870837614,200000000870817510,DRINKS,Liquor,Irish Whiskey,Tullamore Dew 12,12.0,2.0,1.0,24.00,1.0,2.0,24.00,0.0,0.00,0.00,24.00,1,1.0,1.0,0.2,0.03508771929824561,1.0,0.24793388429752067,0.04550625711035267
200000000870837617,200000000870837616,200000000870817510,DRINKS,Liquor,Irish Whiskey,Jameson,0.00,0.0,0.0,0.00,0.0,0.0,0.00,0.0,0.00,0.00,0.00,0,0,0,0,0,0,0,0
200000006775260033,200000006775260032,200000000870817510,DRINKS,Liquor,Irish Whiskey,Sexton Single Malt,0.00,0.0,0.0,0.00,0.0,0.0,0.00,0.0,0.00,0.00,0.00,0,0,0,0,0,0,0,0
200000009938174565,200000009938174564,200000000870817510,DRINKS,Liquor,Irish Whiskey,Irish Coffee,0.00,0.0,0.0,0.00,0.0,0.0,0.00,0.0,0.00,0.00,0.00,0,0,0,0,0,0,0,0
200000000870817513,200000000870817512,200000000870814817,DRINKS,Liquor,Cordials,,10.00,1.0,0.1,10.00,0.09803921568627451,1.0,10.00,0.0,0.00,0.00,10.00,1,0.14285714285714285,0,0.1,0.017543859649122806,0,0.10330578512396695,0.018960940462646948
200000000870841345,200000000870841344,200000000870817513,DRINKS,Liquor,Cordials,Baileys,0.00,0.0,0.0,0.00,0.0,0.0,0.00,0.0,0.00,0.00,0.00,0,0,0,0,0,0,0,0
200000000870841347,200000000870841346,200000000870817513,DRINKS,Liquor,Cordials,Disaronno,0.00,0.0,0.0,0.00,0.0,0.0,0.00,0.0,0.00,0.00,0.00,0,0,0,0,0,0,0,0
200000000870841349,200000000870841348,200000000870817513,DRINKS,Liquor,Cordials,B&B,0.00,0.0,0.0,0.00,0.0,0.0,0.00,0.0,0.00,0.00,0.00,0,0,0,0,0,0,0,0
200000000870841401,200000000870841400,200000000870817513,DRINKS,Liquor,Cordials,Kahlua,10.0,1.0,1.0,10.00,1.0,1.0,10.00,0.0,0.00,0.00,10.00,1,1.0,1.0,0.1,0.017543859649122806,1.0,0.10330578512396695,0.018960940462646948
200000000870841403,200000000870841402,200000000870817513,DRINKS,Liquor,Cordials,Cointreau,0.00,0.0,0.0,0.00,0.0,0.0,0.00,0.0,0.00,0.00,0.00,0,0,0,0,0,0,0,0
200000000870841405,200000000870841404,200000000870817513,DRINKS,Liquor,Cordials,Godiva,0.00,0.0,0.0,0.00,0.0,0.0,0.00,0.0,0.00,0.00,0.00,0,0,0,0,0,0,0,0
200000000870841407,200000000870841406,200000000870817513,DRINKS,Liquor,Cordials,Drambuie,0.00,0.0,0.0,0.00,0.0,0.0,0.00,0.0,0.00,0.00,0.00,0,0,0,0,0,0,0,0
200000000870841409,200000000870841408,200000000870817513,DRINKS,Liquor,Cordials,Sambuca Romano,0.00,0.0,0.0,0.00,0.0,0.0,0.00,0.0,0.00,0.00,0.00,0,0,0,0,0,0,0,0
200000000870841411,200000000870841410,200000000870817513,DRINKS,Liquor,Cordials,Licor 43,0.00,0.0,0.0,0.00,0.0,0.0,0.00,0.0,0.00,0.00,0.00,0,0,0,0,0,0,0,0
200000000870841413,200000000870841412,200000000870817513,DRINKS,Liquor,Cordials,Crème De Menthe,0.00,0.0,0.0,0.00,0.0,0.0,0.00,0.0,0.00,0.00,0.00,0,0,0,0,0,0,0,0
200000000870841415,200000000870841414,200000000870817513,DRINKS,Liquor,Cordials,Grand Marnier,0.00,0.0,0.0,0.00,0.0,0.0,0.00,0.0,0.00,0.00,0.00,0,0,0,0,0,0,0,0
200000000870841418,200000000870841417,200000000870817513,DRINKS,Liquor,Cordials,Chambord,0.00,0.0,0.0,0.00,0.0,0.0,0.00,0.0,0.00,0.00,0.00,0,0,0,0,0,0,0,0
200000001535100347,200000001535100346,200000000870817513,DRINKS,Liquor,Cordials,Frangelico,0.00,0.0,0.0,0.00,0.0,0.0,0.00,0.0,0.00,0.00,0.00,0,0,0,0,0,0,0,0
200000004547660524,200000004547660523,200000000870817513,DRINKS,Liquor,Cordials,Apricot Brandy,0.00,0.0,0.0,0.00,0.0,0.0,0.00,0.0,0.00,0.00,0.00,0,0,0,0,0,0,0,0
200000000870817515,200000000870817514,200000000870814817,DRINKS,Liquor,Bourbon,,0.00,0.0,0.0,0.00,0.0,0.0,0.00,0.0,0.00,0.00,0.00,0,0,0,0,0,0,0,0
200000000870843246,200000000870843245,200000000870817515,DRINKS,Liquor,Bourbon,Jack Daniels,0.00,0.0,0.0,0.00,0.0,0.0,0.00,0.0,0.00,0.00,0.00,0,0,0,0,0,0,0,0
200000001701925365,200000001701925364,200000000870817515,DRINKS,Liquor,Bourbon,Jack Honey,0.00,0.0,0.0,0.00,0.0,0.0,0.00,0.0,0.00,0.00,0.00,0,0,0,0,0,0,0,0
200000000947065889,200000000947065888,200000000870817515,DRINKS,Liquor,Bourbon,Jim Beam,0.00,0.0,0.0,0.00,0.0,0.0,0.00,0.0,0.00,0.00,0.00,0,0,0,0,0,0,0,0
200000000870843248,200000000870843247,200000000870817515,DRINKS,Liquor,Bourbon,Knob Creek,0.00,0.0,0.0,0.00,0.0,0.0,0.00,0.0,0.00,0.00,0.00,0,0,0,0,0,0,0,0
200000000870843300,200000000870843249,200000000870817515,DRINKS,Liquor,Bourbon,Makers Mark,0.00,0.0,0.0,0.00,0.0,0.0,0.00,0.0,0.00,0.00,0.00,0,0,0,0,0,0,0,0
200000000870843302,200000000870843301,200000000870817515,DRINKS,Liquor,Bourbon,Hudson Whiskey,0.00,0.0,0.0,0.00,0.0,0.0,0.00,0.0,0.00,0.00,0.00,0,0,0,0,0,0,0,0
200000000870843304,200000000870843303,200000000870817515,DRINKS,Liquor,Bourbon,Basil Hayden,0.00,0.0,0.0,0.00,0.0,0.0,0.00,0.0,0.00,0.00,0.00,0,0,0,0,0,0,0,0
200000000947065891,200000000947065890,200000000870817515,DRINKS,Liquor,Bourbon,Woodford Reserve,0.00,0.0,0.0,0.00,0.0,0.0,0.00,0.0,0.00,0.00,0.00,0,0,0,0,0,0,0,0
200000000947065893,200000000947065892,200000000870817515,DRINKS,Liquor,Bourbon,Wild Turkey,0.00,0.0,0.0,0.00,0.0,0.0,0.00,0.0,0.00,0.00,0.00,0,0,0,0,0,0,0,0
200000000947065895,200000000947065894,200000000870817515,DRINKS,Liquor,Bourbon,Crown Royal,0.00,0.0,0.0,0.00,0.0,0.0,0.00,0.0,0.00,0.00,0.00,0,0,0,0,0,0,0,0
200000000947065897,200000000947065896,200000000870817515,DRINKS,Liquor,Bourbon,Southern Comfort,0.00,0.0,0.0,0.00,0.0,0.0,0.00,0.0,0.00,0.00,0.00,0,0,0,0,0,0,0,0
200000001692929069,200000001692929068,200000000870817515,DRINKS,Liquor,Bourbon,Rough Rider,0.00,0.0,0.0,0.00,0.0,0.0,0.00,0.0,0.00,0.00,0.00,0,0,0,0,0,0,0,0
200000003078341583,200000003078341582,200000000870817515,DRINKS,Liquor,Bourbon,Taconic Bourbon,0.00,0.0,0.0,0.00,0.0,0.0,0.00,0.0,0.00,0.00,0.00,0,0,0,0,0,0,0,0
200000003078354615,200000003078354614,200000000870817515,DRINKS,Liquor,Bourbon,Taconic Double Barrel,0.00,0.0,0.0,0.00,0.0,0.0,0.00,0.0,0.00,0.00,0.00,0,0,0,0,0,0,0,0
200000000870817517,200000000870817516,200000000870814817,DRINKS,Liquor,Cognac,,0.00,0.0,0.0,0.00,0.0,0.0,0.00,0.0,0.00,0.00,0.00,0,0,0,0,0,0,0,0
200000000870844354,200000000870844353,200000000870817517,DRINKS,Liquor,Cognac,Remy Martin,0.00,0.0,0.0,0.00,0.0,0.0,0.00,0.0,0.00,0.00,0.00,0,0,0,0,0,0,0,0
200000001667979116,200000001667979115,200000000870814817,DRINKS,Liquor,Cocktails,,8.00,2.0,0.2,16.00,0.1568627450980392,2.0,16.00,0.0,0.00,3.20,12.80,1,0.14285714285714285,0,0.2,0.03508771929824561,0,0.1322314049586777,0.024270003792188095
200000001668047341,200000001668047340,200000001667979116,DRINKS,Liquor,Cocktails,Mediterranean Mule,0.00,0.0,0.0,0.00,0.0,0.0,0.00,0.0,0.00,0.00,0.00,0,0,0,0,0,0,0,0
200000001668047339,200000001668047338,200000001667979116,DRINKS,Liquor,Cocktails,Montana Apple Mule,0.00,0.0,0.0,0.00,0.0,0.0,0.00,0.0,0.00,0.00,0.00,0,0,0,0,0,0,0,0
200000002733946268,200000002733946267,200000001667979116,DRINKS,Liquor,Cocktails,Dublin Mule,0.00,0.0,0.0,0.00,0.0,0.0,0.00,0.0,0.00,0.00,0.00,0,0,0,0,0,0,0,0
200000001668047345,200000001668047344,200000001667979116,DRINKS,Liquor,Cocktails,Last Leaf,0.00,0.0,0.0,0.00,0.0,0.0,0.00,0.0,0.00,0.00,0.00,0,0,0,0,0,0,0,0
200000005099128761,200000005099128760,200000001667979116,DRINKS,Liquor,Cocktails,Pear it up,0.00,0.0,0.0,0.00,0.0,0.0,0.00,0.0,0.00,0.00,0.00,0,0,0,0,0,0,0,0
200000005099128763,200000005099128762,200000001667979116,DRINKS,Liquor,Cocktails,Port Old Fashioned,0.00,0.0,0.0,0.00,0.0,0.0,0.00,0.0,0.00,0.00,0.00,0,0,0,0,0,0,0,0
200000001668047343,200000001668047342,200000001667979116,DRINKS,Liquor,Cocktails,Jameson Bosie,0.00,0.0,0.0,0.00,0.0,0.0,0.00,0.0,0.00,0.00,0.00,0,0,0,0,0,0,0,0
200000005022861667,200000005022861666,200000001667979116,DRINKS,Liquor,Cocktails,Pumpkin Martini,0.00,0.0,0.0,0.00,0.0,0.0,0.00,0.0,0.00,0.00,0.00,0,0,0,0,0,0,0,0
200000005754886185,200000005754886184,200000001667979116,DRINKS,Liquor,Cocktails,Christmas in a Glass,0.00,0.0,0.0,0.00,0.0,0.0,0.00,0.0,0.00,0.00,0.00,0,0,0,0,0,0,0,0
200000001668047323,200000001668047322,200000001667979116,DRINKS,Liquor,Cocktails,Long Island Iced Tea,0.00,0.0,0.0,0.00,0.0,0.0,0.00,0.0,0.00,0.00,0.00,0,0,0,0,0,0,0,0
200000001668047325,200000001668047324,200000001667979116,DRINKS,Liquor,Cocktails,Whiskey Sour,0.00,0.0,0.0,0.00,0.0,0.0,0.00,0.0,0.00,0.00,0.00,0,0,0,0,0,0,0,0
200000001668047327,200000001668047326,200000001667979116,DRINKS,Liquor,Cocktails,Black Russian,0.00,0.0,0.0,0.00,0.0,0.0,0.00,0.0,0.00,0.00,0.00,0,0,0,0,0,0,0,0
200000001668047329,200000001668047328,200000001667979116,DRINKS,Liquor,Cocktails,White Russian,0.00,0.0,0.0,0.00,0.0,0.0,0.00,0.0,0.00,0.00,0.00,0,0,0,0,0,0,0,0
200000001668047331,200000001668047330,200000001667979116,DRINKS,Liquor,Cocktails,Mojito,0.00,0.0,0.0,0.00,0.0,0.0,0.00,0.0,0.00,0.00,0.00,0,0,0,0,0,0,0,0
200000001668047337,200000001668047336,200000001667979116,DRINKS,Liquor,Cocktails,French Martini,0.00,0.0,0.0,0.00,0.0,0.0,0.00,0.0,0.00,0.00,0.00,0,0,0,0,0,0,0,0
200000001668047317,200000001668047316,200000001667979116,DRINKS,Liquor,Cocktails,Mimosa,0.00,0.0,0.0,0.00,0.0,0.0,0.00,0.0,0.00,0.00,0.00,0,0,0,0,0,0,0,0
200000002047197910,200000002047197909,200000001667979116,DRINKS,Liquor,Cocktails,Double Mimosa,0.00,0.0,0.0,0.00,0.0,0.0,0.00,0.0,0.00,0.00,0.00,0,0,0,0,0,0,0,0
200000001668047319,200000001668047318,200000001667979116,DRINKS,Liquor,Cocktails,Bloody Mary,0.00,0.0,0.0,0.00,0.0,0.0,0.00,0.0,0.00,0.00,0.00,0,0,0,0,0,0,0,0
200000001668047321,200000001668047320,200000001667979116,DRINKS,Liquor,Cocktails,Virgin Bloody,0.00,0.0,0.0,0.00,0.0,0.0,0.00,0.0,0.00,0.00,0.00,0,0,0,0,0,0,0,0
200000006684452651,200000006684452650,200000001667979116,DRINKS,Liquor,Cocktails,Strawberry Mimosa,0.00,0.0,0.0,0.00,0.0,0.0,0.00,0.0,0.00,0.00,0.00,0,0,0,0,0,0,0,0
200000006684452653,200000006684452652,200000001667979116,DRINKS,Liquor,Cocktails,Love Potion,0.00,0.0,0.0,0.00,0.0,0.0,0.00,0.0,0.00,0.00,0.00,0,0,0,0,0,0,0,0
200000007870566779,200000007870566778,200000001667979116,DRINKS,Liquor,Cocktails,Strawberry Basil Lemonade,0.00,0.0,0.0,0.00,0.0,0.0,0.00,0.0,0.00,0.00,0.00,0,0,0,0,0,0,0,0
200000007870566781,200000007870566780,200000001667979116,DRINKS,Liquor,Cocktails,Cucumber Basil Smash,0.00,0.0,0.0,0.00,0.0,0.0,0.00,0.0,0.00,0.00,0.00,0,0,0,0,0,0,0,0
200000007870566783,200000007870566782,200000001667979116,DRINKS,Liquor,Cocktails,Casa Fresco Cooler,0.00,0.0,0.0,0.00,0.0,0.0,0.00,0.0,0.00,0.00,0.00,0,0,0,0,0,0,0,0
200000007870566785,200000007870566784,200000001667979116,DRINKS,Liquor,Cocktails,Strawberry Mimosa,0.00,0.0,0.0,0.00,0.0,0.0,0.00,0.0,0.00,0.00,0.00,0,0,0,0,0,0,0,0
200000007870566787,200000007870566786,200000001667979116,DRINKS,Liquor,Cocktails,Sangria,8.0,2.0,1.0,16.00,1.0,2.0,16.00,0.0,0.00,3.20,12.80,1,1.0,1.0,0.2,0.03508771929824561,1.0,0.1322314049586777,0.024270003792188095
200000007870566791,200000007870566790,200000001667979116,DRINKS,Liquor,Cocktails,Jameson Boise,0.00,0.0,0.0,0.00,0.0,0.0,0.00,0.0,0.00,0.00,0.00,0,0,0,0,0,0,0,0
200000008152360075,200000008152360074,200000001667979116,DRINKS,Liquor,Cocktails,Champagne Glass,0.00,0.0,0.0,0.00,0.0,0.0,0.00,0.0,0.00,0.00,0.00,0,0,0,0,0,0,0,0
200000009177432471,200000009177432470,200000001667979116,DRINKS,Liquor,Cocktails,Pink Ribbontini,0.00,0.0,0.0,0.00,0.0,0.0,0.00,0.0,0.00,0.00,0.00,0,0,0,0,0,0,0,0
200000009283141696,200000009283141695,200000001667979116,DRINKS,Liquor,Cocktails,Cider Mimosa,0.00,0.0,0.0,0.00,0.0,0.0,0.00,0.0,0.00,0.00,0.00,0,0,0,0,0,0,0,0
200000009419393984,200000009419393983,200000001667979116,DRINKS,Liquor,Cocktails,Washington Apple Martini,0.00,0.0,0.0,0.00,0.0,0.0,0.00,0.0,0.00,0.00,0.00,0,0,0,0,0,0,0,0
200000009419393986,200000009419393985,200000001667979116,DRINKS,Liquor,Cocktails,Apple Cider Mule,0.00,0.0,0.0,0.00,0.0,0.0,0.00,0.0,0.00,0.00,0.00,0,0,0,0,0,0,0,0
200000009419393988,200000009419393987,200000001667979116,DRINKS,Liquor,Cocktails,Fall Sangria,0.00,0.0,0.0,0.00,0.0,0.0,0.00,0.0,0.00,0.00,0.00,0,0,0,0,0,0,0,0
200000009419393990,200000009419393989,200000001667979116,DRINKS,Liquor,Cocktails,Maple Bourbon Martini,0.00,0.0,0.0,0.00,0.0,0.0,0.00,0.0,0.00,0.00,0.00,0,0,0,0,0,0,0,0
200000005856506132,200000005856506131,200000000870814817,DRINKS,Liquor,Brandy,,0.00,0.0,0.0,0.00,0.0,0.0,0.00,0.0,0.00,0.00,0.00,0,0,0,0,0,0,0,0
200000005856516421,200000005856516420,200000005856506132,DRINKS,Liquor,Brandy,Bertoux,0.00,0.0,0.0,0.00,0.0,0.0,0.00,0.0,0.00,0.00,0.00,0,0,0,0,0,0,0,0
200000000870814819,200000000870814818,,DRINKS,Beer,,,0.00,0.0,0.0,0.00,0.0,0.0,0.00,0.0,0.00,0.00,0.00,0,0,0,0,0,0,0,0
200000000870844998,200000000870844997,200000000870814819,DRINKS,Beer,Draught,,0.00,0.0,0.0,0.00,0.0,0.0,0.00,0.0,0.00,0.00,0.00,0,0,0,0,0,0,0,0
200000000870846163,200000000870846162,200000000870844998,DRINKS,Beer,Draught,Stella,0.00,0.0,0.0,0.00,0.0,0.0,0.00,0.0,0.00,0.00,0.00,0,0,0,0,0,0,0,0
200000006195083129,200000006195083128,200000000870844998,DRINKS,Beer,Draught,Sam Adams,0.00,0.0,0.0,0.00,0.0,0.0,0.00,0.0,0.00,0.00,0.00,0,0,0,0,0,0,0,0
200000008323090239,200000008323090238,200000000870844998,DRINKS,Beer,Draught,Equilibrium,0.00,0.0,0.0,0.00,0.0,0.0,0.00,0.0,0.00,0.00,0.00,0,0,0,0,0,0,0,0
200000008959503799,200000008959503798,200000000870844998,DRINKS,Beer,Draught,Sienna Lager,0.00,0.0,0.0,0.00,0.0,0.0,0.00,0.0,0.00,0.00,0.00,0,0,0,0,0,0,0,0
200000000870845050,200000000870844999,200000000870814819,DRINKS,Beer,Bottle/Cans,,0.00,0.0,0.0,0.00,0.0,0.0,0.00,0.0,0.00,0.00,0.00,0,0,0,0,0,0,0,0
200000000870848178,200000000870848177,200000000870845050,DRINKS,Beer,Bottle/Cans,Budweiser,0.00,0.0,0.0,0.00,0.0,0.0,0.00,0.0,0.00,0.00,0.00,0,0,0,0,0,0,0,0
200000000870848180,200000000870848179,200000000870845050,DRINKS,Beer,Bottle/Cans,Bud Light,0.00,0.0,0.0,0.00,0.0,0.0,0.00,0.0,0.00,0.00,0.00,0,0,0,0,0,0,0,0
200000000870848182,200000000870848181,200000000870845050,DRINKS,Beer,Bottle/Cans,Michelob Ultra,0.00,0.0,0.0,0.00,0.0,0.0,0.00,0.0,0.00,0.00,0.00,0,0,0,0,0,0,0,0
200000001057756092,200000001057756091,200000000870845050,DRINKS,Beer,Bottle/Cans,Becks,0.00,0.0,0.0,0.00,0.0,0.0,0.00,0.0,0.00,0.00,0.00,0,0,0,0,0,0,0,0
200000001057806117,200000001057806116,200000000870845050,DRINKS,Beer,Bottle/Cans,Becks N/A,0.00,0.0,0.0,0.00,0.0,0.0,0.00,0.0,0.00,0.00,0.00,0,0,0,0,0,0,0,0
200000001326050764,200000001326050763,200000000870845050,DRINKS,Beer,Bottle/Cans,Odouls NA,0.00,0.0,0.0,0.00,0.0,0.0,0.00,0.0,0.00,0.00,0.00,0,0,0,0,0,0,0,0
200000002721790080,200000002721790079,200000000870845050,DRINKS,Beer,Bottle/Cans,Kalibur N/A,0.00,0.0,0.0,0.00,0.0,0.0,0.00,0.0,0.00,0.00,0.00,0,0,0,0,0,0,0,0
200000000870848184,200000000870848183,200000000870845050,DRINKS,Beer,Bottle/Cans,Heineken,0.00,0.0,0.0,0.00,0.0,0.0,0.00,0.0,0.00,0.00,0.00,0,0,0,0,0,0,0,0
200000000870848186,200000000870848185,200000000870845050,DRINKS,Beer,Bottle/Cans,Coors Light,0.00,0.0,0.0,0.00,0.0,0.0,0.00,0.0,0.00,0.00,0.00,0,0,0,0,0,0,0,0
200000001255247321,200000001255247320,200000000870845050,DRINKS,Beer,Bottle/Cans,Miller Lite,0.00,0.0,0.0,0.00,0.0,0.0,0.00,0.0,0.00,0.00,0.00,0,0,0,0,0,0,0,0
200000000870848192,200000000870848191,200000000870845050,DRINKS,Beer,Bottle/Cans,Corona,0.00,0.0,0.0,0.00,0.0,0.0,0.00,0.0,0.00,0.00,0.00,0,0,0,0,0,0,0,0
200000000870848188,200000000870848187,200000000870845050,DRINKS,Beer,Bottle/Cans,Guiness,0.00,0.0,0.0,0.00,0.0,0.0,0.00,0.0,0.00,0.00,0.00,0,0,0,0,0,0,0,0
200000001618536827,200000001618536826,200000000870845050,DRINKS,Beer,Bottle/Cans,Equilibrium Photon,0.00,0.0,0.0,0.00,0.0,0.0,0.00,0.0,0.00,0.00,0.00,0,0,0,0,0,0,0,0
200000006787320390,200000006787320389,200000000870845050,DRINKS,Beer,Bottle/Cans,Bud Light Seltzer,0.00,0.0,0.0,0.00,0.0,0.0,0.00,0.0,0.00,0.00,0.00,0,0,0,0,0,0,0,0
200000000870814821,200000000870814820,,DRINKS,Wine,,,7.65,20.0,0.625,153.00,0.583969465648855,20.0,153.00,0.0,0.00,0.00,153.00,8,0.8888888888888888,0,0.625,0.3508771929824561,0,0.5971896955503513,0.2901023890784983
200000001102433492,200000001102433491,200000000870814821,DRINKS,Wine,Glass,,7.65,20.0,1.0,153.00,1.0,20.0,153.00,0.0,0.00,0.00,153.00,8,1.0,0,1.0,0.3508771929824561,0,1.0,0.2901023890784983
200000001207510316,200000001207510315,200000001102433492,DRINKS,Wine,Glass/Red,,8.21,14.0,0.7,115.00,0.7516339869281046,14.0,115.00,0.0,0.00,0.00,115.00,4,0.5,0,0.7,0.24561403508771928,0,0.7516339869281046,0.2180508153204399
200000001629219732,200000001629219731,200000001207510316,DRINKS,Wine,Glass/Red,GLS Chasing Lions Cabernet,9.5,4.0,0.2857142857142857,38.00,0.33043478260869563,4.0,38.00,0.0,0.00,0.00,38.00,1,0.25,0.2857142857142857,0.2,0.07017543859649122,0.33043478260869563,0.24836601307189543,0.0720515737580584
200000002624916750,200000002624916299,200000001207510316,DRINKS,Wine,Glass/Red,GLS Ormanni Chianti,0.00,0.0,0.0,0.00,0.0,0.0,0.00,0.0,0.00,0.00,0.00,0,0,0,0,0,0,0,0
200000003210908394,200000003210908393,200000001207510316,DRINKS,Wine,Glass/Red,GLS Hahn Pinot Noir,0.00,0.0,0.0,0.00,0.0,0.0,0.00,0.0,0.00,0.00,0.00,0,0,0,0,0,0,0,0
200000004921159434,200000004921159433,200000001207510316,DRINKS,Wine,Glass/Red,GLS Klinker Brick Zinfandel,0.00,0.0,0.0,0.00,0.0,0.0,0.00,0.0,0.00,0.00,0.00,0,0,0,0,0,0,0,0
200000001506819560,200000001506819559,200000001207510316,DRINKS,Wine,Glass/Red,GLS Ariel Cabernet N/A,0.00,0.0,0.0,0.00,0.0,0.0,0.00,0.0,0.00,0.00,0.00,0,0,0,0,0,0,0,0
200000006380549091,200000006380549090,200000001207510316,DRINKS,Wine,Glass/Red,GLS Joel Gott Cabernet,0.00,0.0,0.0,0.00,0.0,0.0,0.00,0.0,0.00,0.00,0.00,0,0,0,0,0,0,0,0
200000007065474399,200000007065474398,200000001207510316,DRINKS,Wine,Glass/Red,GLS Tahuan Malbec,0.00,0.0,0.0,0.00,0.0,0.0,0.00,0.0,0.00,0.00,0.00,0,0,0,0,0,0,0,0
200000007379598501,200000007379598500,200000001207510316,DRINKS,Wine,Glass/Red,GLS McManis Merlot Glass,0.00,0.0,0.0,0.00,0.0,0.0,0.00,0.0,0.00,0.00,0.00,0,0,0,0,0,0,0,0
200000007520816556,200000007520816555,200000001207510316,DRINKS,Wine,Glass/Red,GLS Haute Blanville Pinot Noir,0.00,0.0,0.0,0.00,0.0,0.0,0.00,0.0,0.00,0.00,0.00,0,0,0,0,0,0,0,0
200000007520816558,200000007520816557,200000001207510316,DRINKS,Wine,Glass/Red,GLS Paul Buisse Chinon (Cabernet Franc),0.00,0.0,0.0,0.00,0.0,0.0,0.00,0.0,0.00,0.00,0.00,0,0,0,0,0,0,0,0
200000007871642617,200000007871642616,200000001207510316,DRINKS,Wine,Glass/Red,GLS Fantini Montepulciano,8.0,1.0,0.07142857142857142,8.00,0.06956521739130435,1.0,8.00,0.0,0.00,0.00,8.00,1,0.25,0.07142857142857142,0.05,0.017543859649122806,0.06956521739130435,0.05228758169934641,0.015168752370117559
200000008766715251,200000008766715250,200000001207510316,DRINKS,Wine,Glass/Red,Santa Julia Malbec,0.00,0.0,0.0,0.00,0.0,0.0,0.00,0.0,0.00,0.00,0.00,0,0,0,0,0,0,0,0
200000009320580207,200000009320580206,200000001207510316,DRINKS,Wine,Glass/Red,Fantini Montepulciano,0.00,0.0,0.0,0.00,0.0,0.0,0.00,0.0,0.00,0.00,0.00,0,0,0,0,0,0,0,0
200000009320591946,200000009320591945,200000001207510316,DRINKS,Wine,Glass/Red,Beaujolais Villages,0.00,0.0,0.0,0.00,0.0,0.0,0.00,0.0,0.00,0.00,0.00,0,0,0,0,0,0,0,0
200000009540670354,200000009540670353,200000001207510316,DRINKS,Wine,Glass/Red,GLS Le Charmel Pinot Noir,7.666666666666667,9.0,0.6428571428571429,69.00,0.6,9.0,69.00,0.0,0.00,0.00,69.00,3,0.75,0.6428571428571429,0.45,0.15789473684210525,0.6,0.45098039215686275,0.13083048919226395
200000009709698523,200000009709698522,200000001207510316,DRINKS,Wine,Glass/Red,GLS Sea Sun Pinot Noir,0.00,0.0,0.0,0.00,0.0,0.0,0.00,0.0,0.00,0.00,0.00,0,0,0,0,0,0,0,0
200000001207510318,200000001207510317,200000001102433492,DRINKS,Wine,Glass/White,,6.33,6.0,0.3,38.00,0.24836601307189543,6.0,38.00,0.0,0.00,0.00,38.00,4,0.5,0,0.3,0.10526315789473684,0,0.24836601307189543,0.0720515737580584
200000003750080766,200000003750080765,200000001207510318,DRINKS,Wine,Glass/White,GLS Cuvee Renee Pinot Blanc,0.00,0.0,0.0,0.00,0.0,0.0,0.00,0.0,0.00,0.00,0.00,0,0,0,0,0,0,0,0
200000002917965218,200000002917965217,200000001207510318,DRINKS,Wine,Glass/White,GLS Ferrari Carano Pinot Grigio,7.0,2.0,0.3333333333333333,14.00,0.3684210526315789,2.0,14.00,0.0,0.00,0.00,14.00,1,0.25,0.3333333333333333,0.1,0.03508771929824561,0.3684210526315789,0.0915032679738562,0.02654531664770573
200000001207512720,200000001207512719,200000001207510318,DRINKS,Wine,Glass/White,GLS Gradis'Ciutta Pinot Grigio,0.00,0.0,0.0,0.00,0.0,0.0,0.00,0.0,0.00,0.00,0.00,0,0,0,0,0,0,0,0
200000002630449852,200000002630449851,200000001207510318,DRINKS,Wine,Glass/White,GLS Ponga Sauvignon Blanc,0.00,0.0,0.0,0.00,0.0,0.0,0.00,0.0,0.00,0.00,0.00,0,0,0,0,0,0,0,0
200000001252673824,200000001252673823,200000001207510318,DRINKS,Wine,Glass/White,GLS Allegro Moscato,0.00,0.0,0.0,0.00,0.0,0.0,0.00,0.0,0.00,0.00,0.00,0,0,0,0,0,0,0,0
200000004921136940,200000004921136939,200000001207510318,DRINKS,Wine,Glass/White,GLS Forge Cellars Riesling,0.00,0.0,0.0,0.00,0.0,0.0,0.00,0.0,0.00,0.00,0.00,0,0,0,0,0,0,0,0
200000006682300994,200000006682300993,200000001207510318,DRINKS,Wine,Glass/White,GLS Hahn Chardonnay,0.00,0.0,0.0,0.00,0.0,0.0,0.00,0.0,0.00,0.00,0.00,0,0,0,0,0,0,0,0
200000006992116883,200000006992116882,200000001207510318,DRINKS,Wine,Glass/White,GLS Essence Riesling,0.00,0.0,0.0,0.00,0.0,0.0,0.00,0.0,0.00,0.00,0.00,0,0,0,0,0,0,0,0
200000007520912457,200000007520912456,200000001207510318,DRINKS,Wine,Glass/White,GLS Indaba Sauvignon Blanc,0.00,0.0,0.0,0.00,0.0,0.0,0.00,0.0,0.00,0.00,0.00,0,0,0,0,0,0,0,0
200000007967905003,200000007967905002,200000001207510318,DRINKS,Wine,Glass/White,GLS Haut Blanville Chardonnay,0.00,0.0,0.0,0.00,0.0,0.0,0.00,0.0,0.00,0.00,0.00,0,0,0,0,0,0,0,0
200000008321491446,200000008321491445,200000001207510318,DRINKS,Wine,Glass/White,GLS Mondavi Estate Chardonnay,0.00,0.0,0.0,0.00,0.0,0.0,0.00,0.0,0.00,0.00,0.00,0,0,0,0,0,0,0,0
200000008321542092,200000008321542091,200000001207510318,DRINKS,Wine,Glass/White,GLS La Cala Vermentino,0.00,0.0,0.0,0.00,0.0,0.0,0.00,0.0,0.00,0.00,0.00,0,0,0,0,0,0,0,0
200000008321579049,200000008321579048,200000001207510318,DRINKS,Wine,Glass/White,GLS Ferrari - Carano Pinot Grigio,0.00,0.0,0.0,0.00,0.0,0.0,0.00,0.0,0.00,0.00,0.00,0,0,0,0,0,0,0,0
200000008321821346,200000008321821345,200000001207510318,DRINKS,Wine,Glass/White,GLS Mondavi Fume Blanc,0.00,0.0,0.0,0.00,0.0,0.0,0.00,0.0,0.00,0.00,0.00,0,0,0,0,0,0,0,0
200000008766598078,200000008766598077,200000001207510318,DRINKS,Wine,Glass/White,Harken Chardonnay,0.00,0.0,0.0,0.00,0.0,0.0,0.00,0.0,0.00,0.00,0.00,0,0,0,0,0,0,0,0
200000009320521570,200000009320521569,200000001207510318,DRINKS,Wine,Glass/White,GLS Robert Mondavi Fume Blanc,0.00,0.0,0.0,0.00,0.0,0.0,0.00,0.0,0.00,0.00,0.00,0,0,0,0,0,0,0,0
200000009320544816,200000009320544815,200000001207510318,DRINKS,Wine,Glass/White,GLS Terre Brulee Chenin Blanc,0.00,0.0,0.0,0.00,0.0,0.0,0.00,0.0,0.00,0.00,0.00,0,0,0,0,0,0,0,0
200000009320560389,200000009320560388,200000001207510318,DRINKS,Wine,Glass/White,Wairu Sauvignon Blanc,6.0,4.0,0.6666666666666666,24.00,0.631578947368421,4.0,24.00,0.0,0.00,0.00,24.00,3,0.75,0.6666666666666666,0.2,0.07017543859649122,0.631578947368421,0.1568627450980392,0.04550625711035267
200000009945607361,200000009945607360,200000001207510318,DRINKS,Wine,Glass/White,GLS Heinz Eifel Riesling,0.00,0.0,0.0,0.00,0.0,0.0,0.00,0.0,0.00,0.00,0.00,0,0,0,0,0,0,0,0
200000001207510320,200000001207510319,200000001102433492,DRINKS,Wine,Glass/Rosé,,0.00,0.0,0.0,0.00,0.0,0.0,0.00,0.0,0.00,0.00,0.00,0,0,0,0,0,0,0,0
200000006992152904,200000006992152903,200000001207510320,DRINKS,Wine,Glass/Rosé,GLS Famiglie Rose,0.00,0.0,0.0,0.00,0.0,0.0,0.00,0.0,0.00,0.00,0.00,0,0,0,0,0,0,0,0
200000007871689439,200000007871689438,200000001207510320,DRINKS,Wine,Glass/Rosé,GLS Zenato  Rose,0.00,0.0,0.0,0.00,0.0,0.0,0.00,0.0,0.00,0.00,0.00,0,0,0,0,0,0,0,0
200000008068276527,200000008068276526,200000001207510320,DRINKS,Wine,Glass/Rosé,GLS Gueissard Rose,0.00,0.0,0.0,0.00,0.0,0.0,0.00,0.0,0.00,0.00,0.00,0,0,0,0,0,0,0,0
200000001207510322,200000001207510321,200000001102433492,DRINKS,Wine,Glass/Sparkling,,0.00,0.0,0.0,0.00,0.0,0.0,0.00,0.0,0.00,0.00,0.00,0,0,0,0,0,0,0,0
200000001207516234,200000001207516233,200000001207510322,DRINKS,Wine,Glass/Sparkling,GLS La Vieille Brut Rosé Reserve,0.00,0.0,0.0,0.00,0.0,0.0,0.00,0.0,0.00,0.00,0.00,0,0,0,0,0,0,0,0
200000008068173266,200000008068173265,200000001207510322,DRINKS,Wine,Glass/Sparkling,GLS Prosecco Col Dorato,0.00,0.0,0.0,0.00,0.0,0.0,0.00,0.0,0.00,0.00,0.00,0,0,0,0,0,0,0,0
200000008321855733,200000008321855732,200000001207510322,DRINKS,Wine,Glass/Sparkling,GLS Wycliff Champagne,0.00,0.0,0.0,0.00,0.0,0.0,0.00,0.0,0.00,0.00,0.00,0,0,0,0,0,0,0,0
200000009029239177,200000009029239176,200000001207510322,DRINKS,Wine,Glass/Sparkling,Col de Salici Sparkling Rose,0.00,0.0,0.0,0.00,0.0,0.0,0.00,0.0,0.00,0.00,0.00,0,0,0,0,0,0,0,0
200000001207522016,200000001207522015,200000001102433492,DRINKS,Wine,Glass/After Dinner,,0.00,0.0,0.0,0.00,0.0,0.0,0.00,0.0,0.00,0.00,0.00,0,0,0,0,0,0,0,0
200000001207522018,200000001207522017,200000001207522016,DRINKS,Wine,Glass/After Dinner,GLS Penfolds Club Tawny Port,0.00,0.0,0.0,0.00,0.0,0.0,0.00,0.0,0.00,0.00,0.00,0,0,0,0,0,0,0,0
200000001207522020,200000001207522019,200000001207522016,DRINKS,Wine,Glass/After Dinner,GLS Graham’s 20 Year Tawny Port,0.00,0.0,0.0,0.00,0.0,0.0,0.00,0.0,0.00,0.00,0.00,0,0,0,0,0,0,0,0
200000001207522022,200000001207522021,200000001207522016,DRINKS,Wine,Glass/After Dinner,GLS Saracco Moscato d’Asti,0.00,0.0,0.0,0.00,0.0,0.0,0.00,0.0,0.00,0.00,0.00,0,0,0,0,0,0,0,0
200000001102433494,200000001102433493,200000000870814821,DRINKS,Wine,Bottles,,0.00,0.0,0.0,0.00,0.0,0.0,0.00,0.0,0.00,0.00,0.00,0,0,0,0,0,0,0,0
200000001207517138,200000001207517137,200000001102433494,DRINKS,Wine,Bottles/Red,,0.00,0.0,0.0,0.00,0.0,0.0,0.00,0.0,0.00,0.00,0.00,0,0,0,0,0,0,0,0
200000001647355172,200000001647355171,200000001207517138,DRINKS,Wine,Bottles/Red,BTL Chasing Lions,0.00,0.0,0.0,0.00,0.0,0.0,0.00,0.0,0.00,0.00,0.00,0,0,0,0,0,0,0,0
200000002472895494,200000002472895493,200000001207517138,DRINKS,Wine,Bottles/Red,BTL Benzinger Cabernet,0.00,0.0,0.0,0.00,0.0,0.0,0.00,0.0,0.00,0.00,0.00,0,0,0,0,0,0,0,0
200000002624946399,200000002624946398,200000001207517138,DRINKS,Wine,Bottles/Red,BTL Ormanni Chianti,0.00,0.0,0.0,0.00,0.0,0.0,0.00,0.0,0.00,0.00,0.00,0,0,0,0,0,0,0,0
200000002472895492,200000002472895491,200000001207517138,DRINKS,Wine,Bottles/Red,BTL Catena Malbec,0.00,0.0,0.0,0.00,0.0,0.0,0.00,0.0,0.00,0.00,0.00,0,0,0,0,0,0,0,0
200000002472895490,200000002472895489,200000001207517138,DRINKS,Wine,Bottles/Red,BTL Leaping Horse Merlot,0.00,0.0,0.0,0.00,0.0,0.0,0.00,0.0,0.00,0.00,0.00,0,0,0,0,0,0,0,0
200000001207517148,200000001207517147,200000001207517138,DRINKS,Wine,Bottles/Red,BTL Steelhead Pinot Noir,0.00,0.0,0.0,0.00,0.0,0.0,0.00,0.0,0.00,0.00,0.00,0,0,0,0,0,0,0,0
200000005098686193,200000005098686192,200000001207517138,DRINKS,Wine,Bottles/Red,BTL Hahn Pinot Noir,0.00,0.0,0.0,0.00,0.0,0.0,0.00,0.0,0.00,0.00,0.00,0,0,0,0,0,0,0,0
200000004921180355,200000004921180354,200000001207517138,DRINKS,Wine,Bottles/Red,BTL Klinker Brick Zinfandel,0.00,0.0,0.0,0.00,0.0,0.0,0.00,0.0,0.00,0.00,0.00,0,0,0,0,0,0,0,0
200000001207519345,200000001207519344,200000001207517138,DRINKS,Wine,Bottles/Red,BTL Chateau Beavillage Medoc,0.00,0.0,0.0,0.00,0.0,0.0,0.00,0.0,0.00,0.00,0.00,0,0,0,0,0,0,0,0
200000001207517200,200000001207517149,200000001207517138,DRINKS,Wine,Bottles/Red,BTL Chalk Hill Pinot Noir,0.00,0.0,0.0,0.00,0.0,0.0,0.00,0.0,0.00,0.00,0.00,0,0,0,0,0,0,0,0
200000001207519337,200000001207519336,200000001207517138,DRINKS,Wine,Bottles/Red,BTL Bravium Pinot Noir Wiley Vineyard,0.00,0.0,0.0,0.00,0.0,0.0,0.00,0.0,0.00,0.00,0.00,0,0,0,0,0,0,0,0
200000001207519339,200000001207519338,200000001207517138,DRINKS,Wine,Bottles/Red,BTL Etude Carneros Pinot Noir,0.00,0.0,0.0,0.00,0.0,0.0,0.00,0.0,0.00,0.00,0.00,0,0,0,0,0,0,0,0
200000001207519347,200000001207519346,200000001207517138,DRINKS,Wine,Bottles/Red,BTL Violetta Barolo La Morra,0.00,0.0,0.0,0.00,0.0,0.0,0.00,0.0,0.00,0.00,0.00,0,0,0,0,0,0,0,0
200000001506850310,200000001506850309,200000001207517138,DRINKS,Wine,Bottles/Red,BTL Ariel Cabernet N/A,0.00,0.0,0.0,0.00,0.0,0.0,0.00,0.0,0.00,0.00,0.00,0,0,0,0,0,0,0,0
200000003750099004,200000003750099003,200000001207517138,DRINKS,Wine,Bottles/Red,BTL Chateau du Trignon,0.00,0.0,0.0,0.00,0.0,0.0,0.00,0.0,0.00,0.00,0.00,0,0,0,0,0,0,0,0
200000007379753500,200000007379751399,200000001207517138,DRINKS,Wine,Bottles/Red,BTL McManis Merlot,0.00,0.0,0.0,0.00,0.0,0.0,0.00,0.0,0.00,0.00,0.00,0,0,0,0,0,0,0,0
200000007520773485,200000007520773484,200000001207517138,DRINKS,Wine,Bottles/Red,BTL Haute Blanville Pinot Noir,0.00,0.0,0.0,0.00,0.0,0.0,0.00,0.0,0.00,0.00,0.00,0,0,0,0,0,0,0,0
200000007520773487,200000007520773486,200000001207517138,DRINKS,Wine,Bottles/Red,BTL Paul Buisse Chinon ( Cabernet Franc),0.00,0.0,0.0,0.00,0.0,0.0,0.00,0.0,0.00,0.00,0.00,0,0,0,0,0,0,0,0
200000007871666211,200000007871666210,200000001207517138,DRINKS,Wine,Bottles/Red,BTL Fantini Montepulciano,0.00,0.0,0.0,0.00,0.0,0.0,0.00,0.0,0.00,0.00,0.00,0,0,0,0,0,0,0,0
200000009320924060,200000009320924059,200000001207517138,DRINKS,Wine,Bottles/Red,BTL Santa Julia Malbes,0.00,0.0,0.0,0.00,0.0,0.0,0.00,0.0,0.00,0.00,0.00,0,0,0,0,0,0,0,0
200000009320924062,200000009320924061,200000001207517138,DRINKS,Wine,Bottles/Red,BTL Beaujolais Villages,0.00,0.0,0.0,0.00,0.0,0.0,0.00,0.0,0.00,0.00,0.00,0,0,0,0,0,0,0,0
200000009615770138,200000009615770137,200000001207517138,DRINKS,Wine,Bottles/Red,BTL Le Charmel Pinot Noir,0.00,0.0,0.0,0.00,0.0,0.0,0.00,0.0,0.00,0.00,0.00,0,0,0,0,0,0,0,0
200000009709718051,200000009709718050,200000001207517138,DRINKS,Wine,Bottles/Red,BTL Sea Sun Pinot Noir,0.00,0.0,0.0,0.00,0.0,0.0,0.00,0.0,0.00,0.00,0.00,0,0,0,0,0,0,0,0
200000001207517205,200000001207517204,200000001102433494,DRINKS,Wine,Bottles/White,,0.00,0.0,0.0,0.00,0.0,0.0,0.00,0.0,0.00,0.00,0.00,0,0,0,0,0,0,0,0
200000001207517207,200000001207517206,200000001207517205,DRINKS,Wine,Bottles/White,BTL Harken Chardonnay,0.00,0.0,0.0,0.00,0.0,0.0,0.00,0.0,0.00,0.00,0.00,0,0,0,0,0,0,0,0
200000003750095684,200000003750095683,200000001207517205,DRINKS,Wine,Bottles/White,BTL Cuvee Rene Pinot Blanc,0.00,0.0,0.0,0.00,0.0,0.0,0.00,0.0,0.00,0.00,0.00,0,0,0,0,0,0,0,0
200000002917967343,200000002917967342,200000001207517205,DRINKS,Wine,Bottles/White,BTL Ferrari Carano Pinot Grigio,0.00,0.0,0.0,0.00,0.0,0.0,0.00,0.0,0.00,0.00,0.00,0,0,0,0,0,0,0,0
200000001207517213,200000001207517212,200000001207517205,DRINKS,Wine,Bottles/White,BTL Gradis'Ciutta Pinot Grigio,0.00,0.0,0.0,0.00,0.0,0.0,0.00,0.0,0.00,0.00,0.00,0,0,0,0,0,0,0,0
200000003750094403,200000003750094402,200000001207517205,DRINKS,Wine,Bottles/White,BTL Sella & Mosca Vermentino,0.00,0.0,0.0,0.00,0.0,0.0,0.00,0.0,0.00,0.00,0.00,0,0,0,0,0,0,0,0
200000002917967367,200000002917967366,200000001207517205,DRINKS,Wine,Bottles/White,BTL Dr. L Riesling,0.00,0.0,0.0,0.00,0.0,0.0,0.00,0.0,0.00,0.00,0.00,0,0,0,0,0,0,0,0
200000002630460773,200000002630460772,200000001207517205,DRINKS,Wine,Bottles/White,BTL Ponga Sauvignon Blanc,0.00,0.0,0.0,0.00,0.0,0.0,0.00,0.0,0.00,0.00,0.00,0,0,0,0,0,0,0,0
200000001483974584,200000001483974583,200000001207517205,DRINKS,Wine,Bottles/White,BTL Allegro Moscato,0.00,0.0,0.0,0.00,0.0,0.0,0.00,0.0,0.00,0.00,0.00,0,0,0,0,0,0,0,0
200000004921200331,200000004921200330,200000001207517205,DRINKS,Wine,Bottles/White,BTL Forge Cellars Riesling,0.00,0.0,0.0,0.00,0.0,0.0,0.00,0.0,0.00,0.00,0.00,0,0,0,0,0,0,0,0
200000004921207474,200000004921207473,200000001207517205,DRINKS,Wine,Bottles/White,BTL Yalumba Viognier,0.00,0.0,0.0,0.00,0.0,0.0,0.00,0.0,0.00,0.00,0.00,0,0,0,0,0,0,0,0
200000001207517211,200000001207517210,200000001207517205,DRINKS,Wine,Bottles/White,BTL The Snitch Chardonnay,0.00,0.0,0.0,0.00,0.0,0.0,0.00,0.0,0.00,0.00,0.00,0,0,0,0,0,0,0,0
200000001207520399,200000001207520398,200000001207517205,DRINKS,Wine,Bottles/White,BTL Blindfold by The Prisoner,0.00,0.0,0.0,0.00,0.0,0.0,0.00,0.0,0.00,0.00,0.00,0,0,0,0,0,0,0,0
200000001207520451,200000001207520450,200000001207517205,DRINKS,Wine,Bottles/White,BTL Domaine Cherrier Sancerre,0.00,0.0,0.0,0.00,0.0,0.0,0.00,0.0,0.00,0.00,0.00,0,0,0,0,0,0,0,0
200000006682331461,200000006682331460,200000001207517205,DRINKS,Wine,Bottles/White,BTL Hahn Chardonnay,0.00,0.0,0.0,0.00,0.0,0.0,0.00,0.0,0.00,0.00,0.00,0,0,0,0,0,0,0,0
200000007520865454,200000007520865453,200000001207517205,DRINKS,Wine,Bottles/White,BTL Indaba Sauvignon Blanc,0.00,0.0,0.0,0.00,0.0,0.0,0.00,0.0,0.00,0.00,0.00,0,0,0,0,0,0,0,0
200000007967956157,200000007967956156,200000001207517205,DRINKS,Wine,Bottles/White,BTL Haut Blanville Chardonnay,0.00,0.0,0.0,0.00,0.0,0.0,0.00,0.0,0.00,0.00,0.00,0,0,0,0,0,0,0,0
200000009320962354,200000009320962353,200000001207517205,DRINKS,Wine,Bottles/White,BTL Zenato Rose,0.00,0.0,0.0,0.00,0.0,0.0,0.00,0.0,0.00,0.00,0.00,0,0,0,0,0,0,0,0
200000009320962356,200000009320962355,200000001207517205,DRINKS,Wine,Bottles/White,BTL Robert Mondavi Fume Blanc,0.00,0.0,0.0,0.00,0.0,0.0,0.00,0.0,0.00,0.00,0.00,0,0,0,0,0,0,0,0
200000009320962358,200000009320962357,200000001207517205,DRINKS,Wine,Bottles/White,BTL Terre Brulee Chenin Blanc,0.00,0.0,0.0,0.00,0.0,0.0,0.00,0.0,0.00,0.00,0.00,0,0,0,0,0,0,0,0
200000009320962360,200000009320962359,200000001207517205,DRINKS,Wine,Bottles/White,BTL Wairu Sauvignon Blanc,0.00,0.0,0.0,0.00,0.0,0.0,0.00,0.0,0.00,0.00,0.00,0,0,0,0,0,0,0,0
200000009945760616,200000009945760615,200000001207517205,DRINKS,Wine,Bottles/White,BTL Heinz Eifel Riesling,0.00,0.0,0.0,0.00,0.0,0.0,0.00,0.0,0.00,0.00,0.00,0,0,0,0,0,0,0,0
200000001207517223,200000001207517222,200000001102433494,DRINKS,Wine,Bottles/Rosé,,0.00,0.0,0.0,0.00,0.0,0.0,0.00,0.0,0.00,0.00,0.00,0,0,0,0,0,0,0,0
200000002102944158,200000002102944157,200000001207517223,DRINKS,Wine,Bottles/Rosé,BTL Villa Wolf Rose,0.00,0.0,0.0,0.00,0.0,0.0,0.00,0.0,0.00,0.00,0.00,0,0,0,0,0,0,0,0
200000007871704767,200000007871704766,200000001207517223,DRINKS,Wine,Bottles/Rosé,BTL Zenato Rose,0.00,0.0,0.0,0.00,0.0,0.0,0.00,0.0,0.00,0.00,0.00,0,0,0,0,0,0,0,0
200000008067986441,200000008067986440,200000001207517223,DRINKS,Wine,Bottles/Rosé,Gueissard Rose,0.00,0.0,0.0,0.00,0.0,0.0,0.00,0.0,0.00,0.00,0.00,0,0,0,0,0,0,0,0
200000008078565385,200000008078565384,200000001207517223,DRINKS,Wine,Bottles/Rosé,Blanville Rose,0.00,0.0,0.0,0.00,0.0,0.0,0.00,0.0,0.00,0.00,0.00,0,0,0,0,0,0,0,0
200000001207517229,200000001207517228,200000001102433494,DRINKS,Wine,Bottles/Sparkling,,0.00,0.0,0.0,0.00,0.0,0.0,0.00,0.0,0.00,0.00,0.00,0,0,0,0,0,0,0,0
200000001207517234,200000001207517233,200000001207517229,DRINKS,Wine,Bottles/Sparkling,BTL Ruggeri Argeo Brut Prosecco,0.00,0.0,0.0,0.00,0.0,0.0,0.00,0.0,0.00,0.00,0.00,0,0,0,0,0,0,0,0
200000001207517236,200000001207517235,200000001207517229,DRINKS,Wine,Bottles/Sparkling,BTL La Vieille Ferme Brut Rosé Reserve,0.00,0.0,0.0,0.00,0.0,0.0,0.00,0.0,0.00,0.00,0.00,0,0,0,0,0,0,0,0
200000001207520099,200000001207520098,200000001207517229,DRINKS,Wine,Bottles/Sparkling,BTL Drappier Carte d’Or Brut,0.00,0.0,0.0,0.00,0.0,0.0,0.00,0.0,0.00,0.00,0.00,0,0,0,0,0,0,0,0
200000008068061448,200000008068061447,200000001207517229,DRINKS,Wine,Bottles/Sparkling,Col Dorato Prosecco,0.00,0.0,0.0,0.00,0.0,0.0,0.00,0.0,0.00,0.00,0.00,0,0,0,0,0,0,0,0
200000001252746158,200000001252746157,200000001102433494,DRINKS,Wine,Bottles/After Dinner,,0.00,0.0,0.0,0.00,0.0,0.0,0.00,0.0,0.00,0.00,0.00,0,0,0,0,0,0,0,0
200000001252749604,200000001252749603,200000001252746158,DRINKS,Wine,Bottles/After Dinner,BTL Sarraco Moscato D'asti,0.00,0.0,0.0,0.00,0.0,0.0,0.00,0.0,0.00,0.00,0.00,0,0,0,0,0,0,0,0
200000004508679069,200000004508679068,200000000870814821,DRINKS,Wine,Wine Flights,,0.00,0.0,0.0,0.00,0.0,0.0,0.00,0.0,0.00,0.00,0.00,0,0,0,0,0,0,0,0
200000004508687134,200000004508687133,200000004508679069,DRINKS,Wine,Wine Flights,Red Wine Flight,0.00,0.0,0.0,0.00,0.0,0.0,0.00,0.0,0.00,0.00,0.00,0,0,0,0,0,0,0,0
200000004508687136,200000004508687135,200000004508679069,DRINKS,Wine,Wine Flights,White Wine Flight,0.00,0.0,0.0,0.00,0.0,0.0,0.00,0.0,0.00,0.00,0.00,0,0,0,0,0,0,0,0
,,,FOOD Short Rib Stewart,,,,12.421052631578947,19.0,0.3333333333333333,236.00,0.43302752293577984,19.0,236.00,0.0,0.00,10.40,225.60,7,0.7,0,0,0.3333333333333333,0,0,0.42775881683731515
200000000870886828,200000000870886827,,FOOD Short Rib Stewart,Food,,,12.42,19.0,1.0,236.00,1.0,19.0,236.00,0.0,0.00,10.40,225.60,7,1.0,0,1.0,0.3333333333333333,0,1.0,0.42775881683731515
200000002900574376,200000002900574375,200000000870886828,FOOD Short Rib Stewart,Food,,Charcuterie Board,19.0,1.0,0.05263157894736842,19.00,0.08050847457627118,1.0,19.00,0.0,0.00,0.00,19.00,1,0.14285714285714285,0.05263157894736842,0.05263157894736842,0.017543859649122806,0.08421985815602837,0.08421985815602837,0.0360257868790292
200000000870891763,200000000870891762,200000000870886828,FOOD Short Rib Stewart,Food,,Stef's Burger,0.00,0.0,0.0,0.00,0.0,0.0,0.00,0.0,0.00,0.00,0.00,0,0,0,0,0,0,0,0
200000004265810495,200000004265810494,200000000870886828,FOOD Short Rib Stewart,Food,,Stuffed Mushrooms,8.0,1.0,0.05263157894736842,8.00,0.03389830508474576,1.0,8.00,0.0,0.00,0.00,8.00,1,0.14285714285714285,0.05263157894736842,0.05263157894736842,0.017543859649122806,0.03546099290780142,0.03546099290780142,0.015168752370117559
200000007639854674,200000007639854673,200000000870886828,FOOD Short Rib Stewart,Food,,Artichoke Crab Dip,13.0,1.0,0.05263157894736842,13.00,0.05508474576271186,1.0,13.00,0.0,0.00,0.00,13.00,1,0.14285714285714285,0.05263157894736842,0.05263157894736842,0.017543859649122806,0.057624113475177305,0.057624113475177305,0.02464922260144103
200000007709709059,200000007709709058,200000000870886828,FOOD Short Rib Stewart,Food,,Mussels,0.00,0.0,0.0,0.00,0.0,0.0,0.00,0.0,0.00,0.00,0.00,0,0,0,0,0,0,0,0
200000007786563282,200000007786563281,200000000870886828,FOOD Short Rib Stewart,Food,,Bacon & Eggs,0.00,0.0,0.0,0.00,0.0,0.0,0.00,0.0,0.00,0.00,0.00,0,0,0,0,0,0,0,0
200000007786563284,200000007786563283,200000000870886828,FOOD Short Rib Stewart,Food,,New England Lobster Roll,20.0,1.0,0.05263157894736842,20.00,0.0847457627118644,1.0,20.00,0.0,0.00,0.00,20.00,1,0.14285714285714285,0.05263157894736842,0.05263157894736842,0.017543859649122806,0.08865248226950355,0.08865248226950355,0.037921880925293895
200000007870770181,200000007870770180,200000000870886828,FOOD Short Rib Stewart,Food,,J's Caprese Salad,0.00,0.0,0.0,0.00,0.0,0.0,0.00,0.0,0.00,0.00,0.00,0,0,0,0,0,0,0,0
200000007870770183,200000007870770182,200000000870886828,FOOD Short Rib Stewart,Food,,Cauliflower Tacos (V),10.0,1.0,0.05263157894736842,10.00,0.0423728813559322,1.0,10.00,0.0,0.00,0.00,10.00,1,0.14285714285714285,0.05263157894736842,0.05263157894736842,0.017543859649122806,0.044326241134751775,0.044326241134751775,0.018960940462646948
200000007870770185,200000007870770184,200000000870886828,FOOD Short Rib Stewart,Food,,Plantain Boat,0.00,0.0,0.0,0.00,0.0,0.0,0.00,0.0,0.00,0.00,0.00,0,0,0,0,0,0,0,0
200000007870770187,200000007870770186,200000000870886828,FOOD Short Rib Stewart,Food,,Eggplant Sliders,0.00,0.0,0.0,0.00,0.0,0.0,0.00,0.0,0.00,0.00,0.00,0,0,0,0,0,0,0,0
200000007870770189,200000007870770188,200000000870886828,FOOD Short Rib Stewart,Food,,Fall Salad,10.0,1.0,0.05263157894736842,10.00,0.0423728813559322,1.0,10.00,0.0,0.00,0.00,10.00,1,0.14285714285714285,0.05263157894736842,0.05263157894736842,0.017543859649122806,0.044326241134751775,0.044326241134751775,0.018960940462646948
200000007870770191,200000007870770190,200000000870886828,FOOD Short Rib Stewart,Food,,Beet Salad,0.00,0.0,0.0,0.00,0.0,0.0,0.00,0.0,0.00,0.00,0.00,0,0,0,0,0,0,0,0
200000007870770193,200000007870770192,200000000870886828,FOOD Short Rib Stewart,Food,,Butternut Squash Soup,9.0,1.0,0.05263157894736842,9.00,0.038135593220338986,1.0,9.00,0.0,0.00,0.00,9.00,1,0.14285714285714285,0.05263157894736842,0.05263157894736842,0.017543859649122806,0.0398936170212766,0.0398936170212766,0.017064846416382253
200000007870770195,200000007870770194,200000000870886828,FOOD Short Rib Stewart,Food,,Surf & Turf,0.00,0.0,0.0,0.00,0.0,0.0,0.00,0.0,0.00,0.00,0.00,0,0,0,0,0,0,0,0
200000008031927484,200000008031927483,200000000870886828,FOOD Short Rib Stewart,Food,,Pesto Pasta (V),22.0,1.0,0.05263157894736842,22.00,0.09322033898305085,1.0,22.00,0.0,0.00,0.00,22.00,1,0.14285714285714285,0.05263157894736842,0.05263157894736842,0.017543859649122806,0.0975177304964539,0.0975177304964539,0.041714069017823284
200000008043141919,200000008043141918,200000000870886828,FOOD Short Rib Stewart,Food,,Harvest Chicken,0.00,0.0,0.0,0.00,0.0,0.0,0.00,0.0,0.00,0.00,0.00,0,0,0,0,0,0,0,0
200000008112978805,200000008112978804,200000000870886828,FOOD Short Rib Stewart,Food,,Lamb Chops,0.00,0.0,0.0,0.00,0.0,0.0,0.00,0.0,0.00,0.00,0.00,0,0,0,0,0,0,0,0
200000008197200635,200000008197200634,200000000870886828,FOOD Short Rib Stewart,Food,,Chicken Wellington,25.0,1.0,0.05263157894736842,25.00,0.1059322033898305,1.0,25.00,0.0,0.00,0.00,25.00,1,0.14285714285714285,0.05263157894736842,0.05263157894736842,0.017543859649122806,0.11081560283687944,0.11081560283687944,0.04740235115661737
200000008197288372,200000008197288371,200000000870886828,FOOD Short Rib Stewart,Food,,Butternut Squash Lasagna (V),0.00,0.0,0.0,0.00,0.0,0.0,0.00,0.0,0.00,0.00,0.00,0,0,0,0,0,0,0,0
200000008197288374,200000008197288373,200000000870886828,FOOD Short Rib Stewart,Food,,Scallops,26.0,2.0,0.10526315789473684,52.00,0.22033898305084745,2.0,52.00,0.0,0.00,10.40,41.60,1,0.14285714285714285,0.10526315789473684,0.10526315789473684,0.03508771929824561,0.1843971631205674,0.1843971631205674,0.0788775123246113
200000008372711838,200000008372711837,200000000870886828,FOOD Short Rib Stewart,Food,,J's Burger,0.00,0.0,0.0,0.00,0.0,0.0,0.00,0.0,0.00,0.00,0.00,0,0,0,0,0,0,0,0
200000008284260335,200000008284260334,200000000870886828,FOOD Short Rib Stewart,Food,,Side of Fries,0.00,0.0,0.0,0.00,0.0,0.0,0.00,0.0,0.00,0.00,0.00,0,0,0,0,0,0,0,0
200000006786935090,200000006786935089,200000000870886828,FOOD Short Rib Stewart,Food,,Side of Rissotto,0.00,0.0,0.0,0.00,0.0,0.0,0.00,0.0,0.00,0.00,0.00,0,0,0,0,0,0,0,0
200000006786935088,200000006786935087,200000000870886828,FOOD Short Rib Stewart,Food,,Side of Veggies,0.00,0.0,0.0,0.00,0.0,0.0,0.00,0.0,0.00,0.00,0.00,0,0,0,0,0,0,0,0
200000006786935092,200000006786935091,200000000870886828,FOOD Short Rib Stewart,Food,,Extra Bread,0.0,1.0,0.05263157894736842,0.00,0.0,1.0,0.00,0.0,0.00,0.00,0.00,1,0.14285714285714285,0.05263157894736842,0.05263157894736842,0.017543859649122806,0.0,0.0,0.0
200000006786935096,200000006786935095,200000000870886828,FOOD Short Rib Stewart,Food,,Fire Entree,0.0,4.0,0.21052631578947367,0.00,0.0,4.0,0.00,0.0,0.00,0.00,0.00,2,0.2857142857142857,0.21052631578947367,0.21052631578947367,0.07017543859649122,0.0,0.0,0.0
200000009366024660,200000009366024659,200000000870886828,FOOD Short Rib Stewart,Food,,Add Chicken,0.00,0.0,0.0,0.00,0.0,0.0,0.00,0.0,0.00,0.00,0.00,0,0,0,0,0,0,0,0
200000009366024662,200000009366024661,200000000870886828,FOOD Short Rib Stewart,Food,,Add Shrimp,0.00,0.0,0.0,0.00,0.0,0.0,0.00,0.0,0.00,0.00,0.00,0,0,0,0,0,0,0,0
200000009603820505,200000009603820504,200000000870886828,FOOD Short Rib Stewart,Food,,Clam Chowder,0.00,0.0,0.0,0.00,0.0,0.0,0.00,0.0,0.00,0.00,0.00,0,0,0,0,0,0,0,0
200000009603872564,200000009603872563,200000000870886828,FOOD Short Rib Stewart,Food,,Salmon and Shrimp,23.0,1.0,0.05263157894736842,23.00,0.09745762711864407,1.0,23.00,0.0,0.00,0.00,23.00,1,0.14285714285714285,0.05263157894736842,0.05263157894736842,0.017543859649122806,0.10195035460992909,0.10195035460992909,0.04361016306408798
200000009697142588,200000009697142587,200000000870886828,FOOD Short Rib Stewart,Food,,Fire Dessert,0.00,0.0,0.0,0.00,0.0,0.0,0.00,0.0,0.00,0.00,0.00,0,0,0,0,0,0,0,0
200000009787501102,200000009787501101,200000000870886828,FOOD Short Rib Stewart,Food,,Mushroom Fries,0.00,0.0,0.0,0.00,0.0,0.0,0.00,0.0,0.00,0.00,0.00,0,0,0,0,0,0,0,0
200000009810023683,200000009810023682,200000000870886828,FOOD Short Rib Stewart,Food,,Ribs,17.0,1.0,0.05263157894736842,17.00,0.07203389830508475,1.0,17.00,0.0,0.00,0.00,17.00,1,0.14285714285714285,0.05263157894736842,0.05263157894736842,0.017543859649122806,0.07535460992907801,0.07535460992907801,0.03223359878649981
200000009871483870,200000009871483869,200000000870886828,FOOD Short Rib Stewart,Food,,Chicken Noodle Soup,0.00,0.0,0.0,0.00,0.0,0.0,0.00,0.0,0.00,0.00,0.00,0,0,0,0,0,0,0,0
200000009871503101,200000009871503100,200000000870886828,FOOD Short Rib Stewart,Food,,Tomatoe Cauliflower Soup,8.0,1.0,0.05263157894736842,8.00,0.03389830508474576,1.0,8.00,0.0,0.00,0.00,8.00,1,0.14285714285714285,0.05263157894736842,0.05263157894736842,0.017543859649122806,0.03546099290780142,0.03546099290780142,0.015168752370117559
200000009871578973,200000009871578972,200000000870886828,FOOD Short Rib Stewart,Food,,Taco Skins,0.00,0.0,0.0,0.00,0.0,0.0,0.00,0.0,0.00,0.00,0.00,0,0,0,0,0,0,0,0
200000009871578975,200000009871578974,200000000870886828,FOOD Short Rib Stewart,Food,,Meatball Sliders,0.00,0.0,0.0,0.00,0.0,0.0,0.00,0.0,0.00,0.00,0.00,0,0,0,0,0,0,0,0
200000009872453346,200000009872453345,200000000870886828,FOOD Short Rib Stewart,Food,,Short Rib Stew,0.00,0.0,0.0,0.00,0.0,0.0,0.00,0.0,0.00,0.00,0.00,0,0,0,0,0,0,0,0
200000009885362623,200000009885362622,200000000870886828,FOOD Short Rib Stewart,Food,,Seafood Fradiablo,0.00,0.0,0.0,0.00,0.0,0.0,0.00,0.0,0.00,0.00,0.00,0,0,0,0,0,0,0,0
,,,,,,,0.00,0.0,0.0,0.00,0.0,0.0,0.00,0.0,0.00,0.00,0.00,0,0,0,0,0,0,0,0
200000000870892530,200000000870892529,,BRUNCH,Brunch,,,0.00,0.0,0.0,0.00,0.0,0.0,0.00,0.0,0.00,0.00,0.00,0,0,0,0,0,0,0,0
200000001575203566,200000001575203565,200000000870892530,BRUNCH,Brunch,,Sausage & Gravy Biscuits,0.00,0.0,0.0,0.00,0.0,0.0,0.00,0.0,0.00,0.00,0.00,0,0,0,0,0,0,0,0
200000002900580303,200000002900580302,200000000870892530,BRUNCH,Brunch,,Spinach & Goats Cheese Omelette,0.00,0.0,0.0,0.00,0.0,0.0,0.00,0.0,0.00,0.00,0.00,0,0,0,0,0,0,0,0
200000000870895202,200000000870895201,200000000870892530,BRUNCH,Brunch,,Challah French toast,0.00,0.0,0.0,0.00,0.0,0.0,0.00,0.0,0.00,0.00,0.00,0,0,0,0,0,0,0,0
200000000870895206,200000000870895205,200000000870892530,BRUNCH,Brunch,,Salmon Benedict,0.00,0.0,0.0,0.00,0.0,0.0,0.00,0.0,0.00,0.00,0.00,0,0,0,0,0,0,0,0
200000001255831248,200000001255831247,200000000870892530,BRUNCH,Brunch,,Eggs Benedict,0.00,0.0,0.0,0.00,0.0,0.0,0.00,0.0,0.00,0.00,0.00,0,0,0,0,0,0,0,0
200000000870895210,200000000870895209,200000000870892530,BRUNCH,Brunch,,Steak & Hash,0.00,0.0,0.0,0.00,0.0,0.0,0.00,0.0,0.00,0.00,0.00,0,0,0,0,0,0,0,0
200000001604680371,200000001604680370,200000000870892530,BRUNCH,Brunch,,Side of hash,0.00,0.0,0.0,0.00,0.0,0.0,0.00,0.0,0.00,0.00,0.00,0,0,0,0,0,0,0,0
200000002590247241,200000002590247240,200000000870892530,BRUNCH,Brunch,,Eggs,0.00,0.0,0.0,0.00,0.0,0.0,0.00,0.0,0.00,0.00,0.00,0,0,0,0,0,0,0,0
200000003335647141,200000003335647140,200000000870892530,BRUNCH,Brunch,,Side of bacon,0.00,0.0,0.0,0.00,0.0,0.0,0.00,0.0,0.00,0.00,0.00,0,0,0,0,0,0,0,0
200000003336097546,200000003336097545,200000000870892530,BRUNCH,Brunch,,Side of toast,0.00,0.0,0.0,0.00,0.0,0.0,0.00,0.0,0.00,0.00,0.00,0,0,0,0,0,0,0,0
200000006431168513,200000006431168512,200000000870892530,BRUNCH,Brunch,,Omelette,0.00,0.0,0.0,0.00,0.0,0.0,0.00,0.0,0.00,0.00,0.00,0,0,0,0,0,0,0,0
200000007920781859,200000007920781858,200000000870892530,BRUNCH,Brunch,,Fried Grit Cakes,0.00,0.0,0.0,0.00,0.0,0.0,0.00,0.0,0.00,0.00,0.00,0,0,0,0,0,0,0,0
200000007920781861,200000007920781860,200000000870892530,BRUNCH,Brunch,,Egg In A Basket,0.00,0.0,0.0,0.00,0.0,0.0,0.00,0.0,0.00,0.00,0.00,0,0,0,0,0,0,0,0
200000008165083577,200000008165083576,200000000870892530,BRUNCH,Brunch,,Garrys Brunch Burger,0.00,0.0,0.0,0.00,0.0,0.0,0.00,0.0,0.00,0.00,0.00,0,0,0,0,0,0,0,0
200000009660697379,200000009660697378,200000000870892530,BRUNCH,Brunch,,Guac Toast,0.00,0.0,0.0,0.00,0.0,0.0,0.00,0.0,0.00,0.00,0.00,0,0,0,0,0,0,0,0
,,,DESSERT,,,,9.5,2.0,0.03508771929824561,19.00,0.03486238532110092,2.0,19.00,0.0,0.00,0.00,19.00,1,0.1,0,0,0.03508771929824561,0,0,0.0360257868790292
200000000870879908,200000000870879907,,DESSERT,Dessert,,,9.50,2.0,1.0,19.00,1.0,2.0,19.00,0.0,0.00,0.00,19.00,1,1.0,0,1.0,0.03508771929824561,0,1.0,0.0360257868790292
200000000870881944,200000000870881943,200000000870879908,DESSERT,Dessert,,Crème Brulee,0.00,0.0,0.0,0.00,0.0,0.0,0.00,0.0,0.00,0.00,0.00,0,0,0,0,0,0,0,0
200000001255925407,200000001255925406,200000000870879908,DESSERT,Dessert,,Ice cream,0.00,0.0,0.0,0.00,0.0,0.0,0.00,0.0,0.00,0.00,0.00,0,0,0,0,0,0,0,0
200000008758177694,200000008758177693,200000000870879908,DESSERT,Dessert,,Sorbet,0.00,0.0,0.0,0.00,0.0,0.0,0.00,0.0,0.00,0.00,0.00,0,0,0,0,0,0,0,0
200000009513106945,200000009513106944,200000000870879908,DESSERT,Dessert,,Pecan Tart,0.00,0.0,0.0,0.00,0.0,0.0,0.00,0.0,0.00,0.00,0.00,0,0,0,0,0,0,0,0
200000009528881786,200000009528881785,200000000870879908,DESSERT,Dessert,,Peffiteral,9.0,1.0,0.5,9.00,0.47368421052631576,1.0,9.00,0.0,0.00,0.00,9.00,1,1.0,0.5,0.5,0.017543859649122806,0.47368421052631576,0.47368421052631576,0.017064846416382253
200000009603767920,200000009603767919,200000000870879908,DESSERT,Dessert,,Peanut Butter Chocolate Mousse,0.00,0.0,0.0,0.00,0.0,0.0,0.00,0.0,0.00,0.00,0.00,0,0,0,0,0,0,0,0
200000009603767922,200000009603767921,200000000870879908,DESSERT,Dessert,,Poached Pear,0.00,0.0,0.0,0.00,0.0,0.0,0.00,0.0,0.00,0.00,0.00,0,0,0,0,0,0,0,0
200000009603784397,200000009603784396,200000000870879908,DESSERT,Dessert,,Bread Pudding,0.00,0.0,0.0,0.00,0.0,0.0,0.00,0.0,0.00,0.00,0.00,0,0,0,0,0,0,0,0
200000009725829278,200000009725829277,200000000870879908,DESSERT,Dessert,,Cheesecake,0.00,0.0,0.0,0.00,0.0,0.0,0.00,0.0,0.00,0.00,0.00,0,0,0,0,0,0,0,0
200000009945483126,200000009945483125,200000000870879908,DESSERT,Dessert,,Irish Coffee Brownie,10.0,1.0,0.5,10.00,0.5263157894736842,1.0,10.00,0.0,0.00,0.00,10.00,1,1.0,0.5,0.5,0.017543859649122806,0.5263157894736842,0.5263157894736842,0.018960940462646948
,,,HAPPY HOUR,,,,7.0,4.0,0.07017543859649122,28.00,0.05137614678899083,4.0,28.00,0.0,0.00,1.40,26.60,3,0.3,0,0,0.07017543859649122,0,0,0.050436101630640884
200000004734507807,200000004734507806,,HAPPY HOUR,Happy Hour,,,7.00,4.0,1.0,28.00,1.0,4.0,28.00,0.0,0.00,1.40,26.60,3,1.0,0,1.0,0.07017543859649122,0,1.0,0.050436101630640884
200000004734515205,200000004734515204,200000004734507807,HAPPY HOUR,Happy Hour,,Nachos,0.00,0.0,0.0,0.00,0.0,0.0,0.00,0.0,0.00,0.00,0.00,0,0,0,0,0,0,0,0
200000004734541767,200000004734541766,200000004734507807,HAPPY HOUR,Happy Hour,,Noodle Bowl,7.0,1.0,0.25,7.00,0.25,1.0,7.00,0.0,0.00,1.40,5.60,1,0.3333333333333333,0.25,0.25,0.017543859649122806,0.21052631578947367,0.21052631578947367,0.01061812665908229
200000004734535015,200000004734535014,200000004734507807,HAPPY HOUR,Happy Hour,,Chicken Strips (Thighs),7.0,1.0,0.25,7.00,0.25,1.0,7.00,0.0,0.00,0.00,7.00,1,0.3333333333333333,0.25,0.25,0.017543859649122806,0.2631578947368421,0.2631578947368421,0.013272658323852864
200000009028592035,200000009028592034,200000004734507807,HAPPY HOUR,Happy Hour,,Mac & Cheese,0.00,0.0,0.0,0.00,0.0,0.0,0.00,0.0,0.00,0.00,0.00,0,0,0,0,0,0,0,0
200000009697606912,200000009697606911,200000004734507807,HAPPY HOUR,Happy Hour,,Butterfly Shrimp,7.0,2.0,0.5,14.00,0.5,2.0,14.00,0.0,0.00,0.00,14.00,2,0.6666666666666666,0.5,0.5,0.03508771929824561,0.5263157894736842,0.5263157894736842,0.02654531664770573
200000009697606914,200000009697606913,200000004734507807,HAPPY HOUR,Happy Hour,,Grilled Cheese,0.00,0.0,0.0,0.00,0.0,0.0,0.00,0.0,0.00,0.00,0.00,0,0,0,0,0,0,0,0
200000009795030902,200000009795030901,200000004734507807,HAPPY HOUR,Happy Hour,,Tacos Potato Skins,0.00,0.0,0.0,0.00,0.0,0.0,0.00,0.0,0.00,0.00,0.00,0,0,0,0,0,0,0,0
200000009797797223,200000009797797222,200000004734507807,HAPPY HOUR,Happy Hour,,Meatball Sliders,0.00,0.0,0.0,0.00,0.0,0.0,0.00,0.0,0.00,0.00,0.00,0,0,0,0,0,0,0,0
,,,,,,,0.00,0.0,0.0,0.00,0.0,0.0,0.00,0.0,0.00,0.00,0.00,0,0,0,0,0,0,0,0
200000006092150556,200000006092150555,,New Years,First Course,,,0.00,0.0,0.0,0.00,0.0,0.0,0.00,0.0,0.00,0.00,0.00,0,0,0,0,0,0,0,0
200000006092166620,200000006092166619,200000006092150556,New Years,First Course,,Pancetta Corn Chowder,0.00,0.0,0.0,0.00,0.0,0.0,0.00,0.0,0.00,0.00,0.00,0,0,0,0,0,0,0,0
200000006092166622,200000006092166621,200000006092150556,New Years,First Course,,Spinach Salad,0.00,0.0,0.0,0.00,0.0,0.0,0.00,0.0,0.00,0.00,0.00,0,0,0,0,0,0,0,0
200000006093119832,200000006093119831,200000006092150556,New Years,First Course,,FIRE FIRST COURSE,0.00,0.0,0.0,0.00,0.0,0.0,0.00,0.0,0.00,0.00,0.00,0,0,0,0,0,0,0,0
200000006092172362,200000006092172361,,New Years,Second Course,,,0.00,0.0,0.0,0.00,0.0,0.0,0.00,0.0,0.00,0.00,0.00,0,0,0,0,0,0,0,0
200000006092182957,200000006092182956,200000006092172362,New Years,Second Course,,Shrimp & Sausage Stuffed Mushroom,0.00,0.0,0.0,0.00,0.0,0.0,0.00,0.0,0.00,0.00,0.00,0,0,0,0,0,0,0,0
200000006092182959,200000006092182958,200000006092172362,New Years,Second Course,,Beef Tartare,0.00,0.0,0.0,0.00,0.0,0.0,0.00,0.0,0.00,0.00,0.00,0,0,0,0,0,0,0,0
200000006092182961,200000006092182960,200000006092172362,New Years,Second Course,,Spinach Agnolotti,0.00,0.0,0.0,0.00,0.0,0.0,0.00,0.0,0.00,0.00,0.00,0,0,0,0,0,0,0,0
200000006093125991,200000006093125990,200000006092172362,New Years,Second Course,,FIRE SECOND COURSE,0.00,0.0,0.0,0.00,0.0,0.0,0.00,0.0,0.00,0.00,0.00,0,0,0,0,0,0,0,0
200000006092186983,200000006092186982,,New Years,Third Course,,,0.00,0.0,0.0,0.00,0.0,0.0,0.00,0.0,0.00,0.00,0.00,0,0,0,0,0,0,0,0
200000006092193759,200000006092193758,200000006092186983,New Years,Third Course,,Scallops,0.00,0.0,0.0,0.00,0.0,0.0,0.00,0.0,0.00,0.00,0.00,0,0,0,0,0,0,0,0
200000006092193761,200000006092193760,200000006092186983,New Years,Third Course,,Prime Rib,0.00,0.0,0.0,0.00,0.0,0.0,0.00,0.0,0.00,0.00,0.00,0,0,0,0,0,0,0,0
200000006092193763,200000006092193762,200000006092186983,New Years,Third Course,,Carrot Infused Pasta,0.00,0.0,0.0,0.00,0.0,0.0,0.00,0.0,0.00,0.00,0.00,0,0,0,0,0,0,0,0
200000006093131675,200000006093131674,200000006092186983,New Years,Third Course,,FIRE THIRD COURSE,0.00,0.0,0.0,0.00,0.0,0.0,0.00,0.0,0.00,0.00,0.00,0,0,0,0,0,0,0,0
200000006092196802,200000006092196801,,New Years,Fourth Course,,,0.00,0.0,0.0,0.00,0.0,0.0,0.00,0.0,0.00,0.00,0.00,0,0,0,0,0,0,0,0
200000006092205559,200000006092205558,200000006092196802,New Years,Fourth Course,,Peanut Butter Pie,0.00,0.0,0.0,0.00,0.0,0.0,0.00,0.0,0.00,0.00,0.00,0,0,0,0,0,0,0,0
200000006092205561,200000006092205560,200000006092196802,New Years,Fourth Course,,Toffee and White Chocolate Bar,0.00,0.0,0.0,0.00,0.0,0.0,0.00,0.0,0.00,0.00,0.00,0,0,0,0,0,0,0,0
200000006092205563,200000006092205562,200000006092196802,New Years,Fourth Course,,Cheesecake,0.00,0.0,0.0,0.00,0.0,0.0,0.00,0.0,0.00,0.00,0.00,0,0,0,0,0,0,0,0
200000006093135486,200000006093135485,200000006092196802,New Years,Fourth Course,,FIRE FOURTH COURSE,0.00,0.0,0.0,0.00,0.0,0.0,0.00,0.0,0.00,0.00,0.00,0,0,0,0,0,0,0,0
,,,,,,,0.00,0.0,0.0,0.00,0.0,0.0,0.00,0.0,0.00,0.00,0.00,0,0,0,0,0,0,0,0
200000006374607044,200000006374607043,,Special Event,Entree,,,0.00,0.0,0.0,0.00,0.0,0.0,0.00,0.0,0.00,0.00,0.00,0,0,0,0,0,0,0,0
200000006374785758,200000006374785757,200000006374607044,Special Event,Entree,,Entree,0.00,0.0,0.0,0.00,0.0,0.0,0.00,0.0,0.00,0.00,0.00,0,0,0,0,0,0,0,0
,,,,,,,0.00,0.0,0.0,0.00,0.0,0.0,0.00,0.0,0.00,0.00,0.00,0,0,0,0,0,0,0,0
200000006680315835,200000006680315834,,Valentines Day,Amuse,,,0.00,0.0,0.0,0.00,0.0,0.0,0.00,0.0,0.00,0.00,0.00,0,0,0,0,0,0,0,0
200000006680338657,200000006680338656,200000006680315835,Valentines Day,Amuse,,Phyllo Cup,0.00,0.0,0.0,0.00,0.0,0.0,0.00,0.0,0.00,0.00,0.00,0,0,0,0,0,0,0,0
200000006680346700,200000006680345449,,Valentines Day,First Course,,,0.00,0.0,0.0,0.00,0.0,0.0,0.00,0.0,0.00,0.00,0.00,0,0,0,0,0,0,0,0
200000006680370997,200000006680370996,200000006680346700,Valentines Day,First Course,,Fried Oysters,0.00,0.0,0.0,0.00,0.0,0.0,0.00,0.0,0.00,0.00,0.00,0,0,0,0,0,0,0,0
200000006680370999,200000006680370998,200000006680346700,Valentines Day,First Course,,Burrata Crostini,0.00,0.0,0.0,0.00,0.0,0.0,0.00,0.0,0.00,0.00,0.00,0,0,0,0,0,0,0,0
200000006680373001,200000006680373000,200000006680346700,Valentines Day,First Course,,Sweet Potato and Cauliflower Soup,0.00,0.0,0.0,0.00,0.0,0.0,0.00,0.0,0.00,0.00,0.00,0,0,0,0,0,0,0,0
200000006680416462,200000006680416461,,Valentines Day,Main Course,,,0.00,0.0,0.0,0.00,0.0,0.0,0.00,0.0,0.00,0.00,0.00,0,0,0,0,0,0,0,0
200000006680439489,200000006680439488,200000006680416462,Valentines Day,Main Course,,Prime Rib,0.00,0.0,0.0,0.00,0.0,0.0,0.00,0.0,0.00,0.00,0.00,0,0,0,0,0,0,0,0
200000006680439491,200000006680439490,200000006680416462,Valentines Day,Main Course,,Scallops,0.00,0.0,0.0,0.00,0.0,0.0,0.00,0.0,0.00,0.00,0.00,0,0,0,0,0,0,0,0
200000006680439493,200000006680439492,200000006680416462,Valentines Day,Main Course,,Vegetarian Choice,0.00,0.0,0.0,0.00,0.0,0.0,0.00,0.0,0.00,0.00,0.00,0,0,0,0,0,0,0,0
200000006680465217,200000006680465216,,Valentines Day,Dessert,,,0.00,0.0,0.0,0.00,0.0,0.0,0.00,0.0,0.00,0.00,0.00,0,0,0,0,0,0,0,0
200000006680481509,200000006680481508,200000006680465217,Valentines Day,Dessert,,Red Velvet Cupcake,0.00,0.0,0.0,0.00,0.0,0.0,0.00,0.0,0.00,0.00,0.00,0,0,0,0,0,0,0,0
200000006680481511,200000006680481510,200000006680465217,Valentines Day,Dessert,,Cherry Panna Cotta,0.00,0.0,0.0,0.00,0.0,0.0,0.00,0.0,0.00,0.00,0.00,0,0,0,0,0,0,0,0
,,,,,,,0.00,0.0,0.0,0.00,0.0,0.0,0.00,0.0,0.00,0.00,0.00,0,0,0,0,0,0,0,0
200000007121470033,200000007121470032,,Restaurant Week,Appetizers,,,0.00,0.0,0.0,0.00,0.0,0.0,0.00,0.0,0.00,0.00,0.00,0,0,0,0,0,0,0,0
200000009615574747,200000009615574746,200000007121470033,Restaurant Week,Appetizers,,Butternut Squash Soup,0.00,0.0,0.0,0.00,0.0,0.0,0.00,0.0,0.00,0.00,0.00,0,0,0,0,0,0,0,0
200000009615574749,200000009615574748,200000007121470033,Restaurant Week,Appetizers,,Roasted Beet Salad,0.00,0.0,0.0,0.00,0.0,0.0,0.00,0.0,0.00,0.00,0.00,0,0,0,0,0,0,0,0
200000009615576101,200000009615576100,200000007121470033,Restaurant Week,Appetizers,,Mussels,0.00,0.0,0.0,0.00,0.0,0.0,0.00,0.0,0.00,0.00,0.00,0,0,0,0,0,0,0,0
200000007121472379,200000007121472378,,Restaurant Week,Entrees,,,0.00,0.0,0.0,0.00,0.0,0.0,0.00,0.0,0.00,0.00,0.00,0,0,0,0,0,0,0,0
200000009615594034,200000009615594033,200000007121472379,Restaurant Week,Entrees,,Pan Seared Scallops,0.00,0.0,0.0,0.00,0.0,0.0,0.00,0.0,0.00,0.00,0.00,0,0,0,0,0,0,0,0
200000009615594036,200000009615594035,200000007121472379,Restaurant Week,Entrees,,Short Rib Stew,0.00,0.0,0.0,0.00,0.0,0.0,0.00,0.0,0.00,0.00,0.00,0,0,0,0,0,0,0,0
200000009615594038,200000009615594037,200000007121472379,Restaurant Week,Entrees,,Pasta with Grilled Chicken,0.00,0.0,0.0,0.00,0.0,0.0,0.00,0.0,0.00,0.00,0.00,0,0,0,0,0,0,0,0
200000007121475270,200000007121475269,,Restaurant Week,Dessert,,,0.00,0.0,0.0,0.00,0.0,0.0,0.00,0.0,0.00,0.00,0.00,0,0,0,0,0,0,0,0
200000009615612199,200000009615612198,200000007121475270,Restaurant Week,Dessert,,Creme Brulee,0.00,0.0,0.0,0.00,0.0,0.0,0.00,0.0,0.00,0.00,0.00,0,0,0,0,0,0,0,0
200000009615613501,200000009615613500,200000007121475270,Restaurant Week,Dessert,,Chocolate Bread Pudding,0.00,0.0,0.0,0.00,0.0,0.0,0.00,0.0,0.00,0.00,0.00,0,0,0,0,0,0,0,0
200000009615613503,200000009615613502,200000007121475270,Restaurant Week,Dessert,,Seasonal Fruit Sorbet,0.00,0.0,0.0,0.00,0.0,0.0,0.00,0.0,0.00,0.00,0.00,0,0,0,0,0,0,0,0
,,,,,,,0.00,0.0,0.0,0.00,0.0,0.0,0.00,0.0,0.00,0.00,0.00,0,0,0,0,0,0,0,0
200000007157331823,200000007157331822,,Brunch Special,Brunch,,,0.00,0.0,0.0,0.00,0.0,0.0,0.00,0.0,0.00,0.00,0.00,0,0,0,0,0,0,0,0
200000007157344846,200000007157344845,200000007157331823,Brunch Special,Brunch,,Brunch,0.00,0.0,0.0,0.00,0.0,0.0,0.00,0.0,0.00,0.00,0.00,0,0,0,0,0,0,0,0
200000007157357861,200000007157357860,200000007157331823,Brunch Special,Brunch,,Sausage & Gravy Biscuits,0.00,0.0,0.0,0.00,0.0,0.0,0.00,0.0,0.00,0.00,0.00,0,0,0,0,0,0,0,0
200000007157361441,200000007157361440,200000007157331823,Brunch Special,Brunch,,Spinach & Goats Cheese Omelette,0.00,0.0,0.0,0.00,0.0,0.0,0.00,0.0,0.00,0.00,0.00,0,0,0,0,0,0,0,0
200000007157364056,200000007157364055,200000007157331823,Brunch Special,Brunch,,Challah French Toast,0.00,0.0,0.0,0.00,0.0,0.0,0.00,0.0,0.00,0.00,0.00,0,0,0,0,0,0,0,0
200000007157366015,200000007157366014,200000007157331823,Brunch Special,Brunch,,Salmon Benedict,0.00,0.0,0.0,0.00,0.0,0.0,0.00,0.0,0.00,0.00,0.00,0,0,0,0,0,0,0,0
200000007157368360,200000007157368359,200000007157331823,Brunch Special,Brunch,,Steak and Hash,0.00,0.0,0.0,0.00,0.0,0.0,0.00,0.0,0.00,0.00,0.00,0,0,0,0,0,0,0,0
200000007157378877,200000007157378876,200000007157331823,Brunch Special,Brunch,,Omelette Your Way,0.00,0.0,0.0,0.00,0.0,0.0,0.00,0.0,0.00,0.00,0.00,0,0,0,0,0,0,0,0
200000007157476146,200000007157476145,200000007157331823,Brunch Special,Brunch,,Bloody Mary,0.00,0.0,0.0,0.00,0.0,0.0,0.00,0.0,0.00,0.00,0.00,0,0,0,0,0,0,0,0
200000007157476148,200000007157476147,200000007157331823,Brunch Special,Brunch,,Mimosa,0.00,0.0,0.0,0.00,0.0,0.0,0.00,0.0,0.00,0.00,0.00,0,0,0,0,0,0,0,0
,,,,,,,0.00,0.0,0.0,0.00,0.0,0.0,0.00,0.0,0.00,0.00,0.00,0,0,0,0,0,0,0,0
200000007444002670,200000007444002669,,Mother's Day,Menu,,,0.00,0.0,0.0,0.00,0.0,0.0,0.00,0.0,0.00,0.00,0.00,0,0,0,0,0,0,0,0
200000007444003898,200000007444003897,200000007444002670,Mother's Day,Menu,,Fruit Salad,0.00,0.0,0.0,0.00,0.0,0.0,0.00,0.0,0.00,0.00,0.00,0,0,0,0,0,0,0,0
200000007444008422,200000007444008421,200000007444002670,Mother's Day,Menu,,Chocolate Chip Pancakes,0.00,0.0,0.0,0.00,0.0,0.0,0.00,0.0,0.00,0.00,0.00,0,0,0,0,0,0,0,0
200000007444008424,200000007444008423,200000007444002670,Mother's Day,Menu,,Blueberry Pancakes,0.00,0.0,0.0,0.00,0.0,0.0,0.00,0.0,0.00,0.00,0.00,0,0,0,0,0,0,0,0
200000007444008426,200000007444008425,200000007444002670,Mother's Day,Menu,,Grilled Chicken Salad,0.00,0.0,0.0,0.00,0.0,0.0,0.00,0.0,0.00,0.00,0.00,0,0,0,0,0,0,0,0
200000007444008428,200000007444008427,200000007444002670,Mother's Day,Menu,,French Toast,0.00,0.0,0.0,0.00,0.0,0.0,0.00,0.0,0.00,0.00,0.00,0,0,0,0,0,0,0,0
200000007444008430,200000007444008429,200000007444002670,Mother's Day,Menu,,Quiche,0.00,0.0,0.0,0.00,0.0,0.0,0.00,0.0,0.00,0.00,0.00,0,0,0,0,0,0,0,0
200000007444013933,200000007444013932,200000007444002670,Mother's Day,Menu,,Mimosa,0.00,0.0,0.0,0.00,0.0,0.0,0.00,0.0,0.00,0.00,0.00,0,0,0,0,0,0,0,0
200000007444013935,200000007444013934,200000007444002670,Mother's Day,Menu,,Strawberry Mimosa,0.00,0.0,0.0,0.00,0.0,0.0,0.00,0.0,0.00,0.00,0.00,0,0,0,0,0,0,0,0
200000007444013937,200000007444013936,200000007444002670,Mother's Day,Menu,,Bloodymary,0.00,0.0,0.0,0.00,0.0,0.0,0.00,0.0,0.00,0.00,0.00,0,0,0,0,0,0,0,0
,,,Gift Cards,,,,50.0,2.0,0.03508771929824561,100.00,0.1834862385321101,2.0,100.00,0.0,0.00,0.00,100.00,1,0.1,0,0,0.03508771929824561,0,0,0.18960940462646947
-1,-1,,Gift Cards,Gift Cards,,,50.0,2.0,1.0,100.00,1.0,2.0,100.00,0.0,0.00,0.00,100.00,1,1.0,0,1.0,0.03508771929824561,0,1.0,0.18960940462646947
0,0,-1,Gift Cards,Gift Cards,,Classic Gift Card,50.0,2.0,1.0,100.00,1.0,2.0,100.00,0.0,0.00,0.00,100.00,1,1.0,1.0,1.0,0.03508771929824561,1.0,1.0,0.18960940462646947
,,,Open Items,,,,0.00,0.0,0.0,0.00,0.0,0.0,0.00,0.0,0.00,0.00,0.00,0,0.0,0,0,0.0,0,0,0.0
-200000000520875314,-200000000520875315,,Open Items,Open Food,,,0.00,0.0,0.0,0.00,0.0,0.0,0.00,0.0,0.00,0.00,0.00,0,0,0,0,0,0,0,0
-200000000520875316,-200000000520875317,,Open Items,Open Liquor,,,0.00,0.0,0.0,0.00,0.0,0.0,0.00,0.0,0.00,0.00,0.00,0,0,0,0,0,0,0,0
-200000000520875318,-200000000520875319,,Open Items,Open Beer,,,0.00,0.0,0.0,0.00,0.0,0.0,0.00,0.0,0.00,0.00,0.00,0,0,0,0,0,0,0,0
